{"type":"FeatureCollection", "features": [
{"type":"Feature","geometry":{"type":"MultiPolygon","coordinates":[[[[46.1782,38.8412],[45.9703,39.1664],[46.0089,39.2508],[45.8556,39.348],[45.8114,39.5564],[45.7253,39.5797],[45.4575,39.4936],[45.3261,39.5383],[45.0619,39.7789],[44.7789,39.7064],[44.813,39.6308],[45.1419,39.2175],[45.31,39.1983],[45.4394,38.998],[46.1782,38.8412]]],[[[48.584,41.8358],[48.3997,41.5891],[48.0744,41.4678],[47.92,41.2264],[47.7669,41.1961],[47.2856,41.3122],[47.1605,41.5611],[46.7789,41.7892],[46.7608,41.8639],[46.6397,41.8161],[46.4518,41.8971],[46.4333,41.8567],[46.4205,41.8378],[46.3214,41.7542],[46.2978,41.7558],[46.2839,41.7597],[46.2114,41.7489],[46.1978,41.6692],[46.2333,41.5986],[46.3339,41.4817],[46.6211,41.365],[46.6939,41.3122],[46.7108,41.2553],[46.67,41.155],[46.6633,41.1461],[46.6225,41.1005],[46.5557,41.0673],[46.5208,41.05],[46.5086,41.0461],[46.5017,41.0481],[46.4839,41.0555],[46.3783,41.1042],[46.3408,41.13],[46.268,41.1839],[46.2433,41.2055],[46.2272,41.2067],[46.0622,41.1719],[45.9225,41.1892],[45.8697,41.2061],[45.748,41.2603],[45.7086,41.2903],[45.7155,41.3169],[45.3286,41.4636],[45.2789,41.4555],[45.0229,41.2971],[45.0469,41.2233],[45.2228,41.1419],[45.0814,41.1161],[45.0914,41.0628],[45.618,40.8719],[45.5941,40.7878],[45.3867,40.6653],[45.5325,40.4605],[46.0019,40.2255],[45.9008,40.0175],[45.638,40.0217],[45.5958,39.978],[45.7744,39.9436],[45.8567,39.8236],[46.2042,39.598],[46.35,39.628],[46.5414,39.5644],[46.5167,39.4758],[46.3806,39.425],[46.6225,39.2247],[46.4161,39.2014],[46.5158,39.0817],[46.5404,38.8756],[46.8383,39.1553],[47.0256,39.1894],[47.0997,39.3044],[47.3917,39.4705],[47.9767,39.7192],[48.3598,39.3852],[48.12,39.2636],[48.2939,39.1125],[48.3125,39.0078],[48.0714,38.9514],[48.0208,38.8355],[48.2439,38.7278],[48.3278,38.6033],[48.4419,38.6217],[48.6231,38.3953],[48.8883,38.4424],[48.8667,38.7458],[48.9555,39.1653],[49.0383,39.1822],[49.148,39.0933],[49.0561,38.9705],[49.1566,38.9847],[49.258,39.3194],[49.4141,39.3783],[49.2808,39.5005],[49.3922,39.6917],[49.488,40.1505],[49.9608,40.3489],[50.133,40.3572],[50.375,40.2622],[50.2314,40.4936],[50,40.586],[49.7042,40.5805],[49.528,40.6628],[49.5325,40.7875],[49.2222,41.0183],[49.04,41.4141],[48.584,41.8358]],[[45.5131,40.6072],[45.5014,40.658],[45.5875,40.6539],[45.5131,40.6072]]]]},"properties":{"name":"Azerbaijan","iso2":"AZ","iso3":"AZE"}},
{"type":"Feature","geometry":{"type":"Polygon","coordinates":[[[19.3678,41.849],[19.6003,41.7883],[19.5847,41.6058],[19.4425,41.4069],[19.5139,41.2561],[19.4362,41.0211],[19.5214,40.9081],[19.4133,40.8664],[19.3072,40.6453],[19.4558,40.5611],[19.4786,40.3503],[19.4189,40.3269],[19.3442,40.4305],[19.2886,40.4175],[19.4528,40.2247],[19.8631,40.0397],[19.9878,39.8672],[20.01,39.6912],[20.0211,39.6975],[20.0986,39.6739],[20.2183,39.6464],[20.3175,39.7261],[20.3181,39.74],[20.2894,39.8031],[20.2947,39.8086],[20.3761,39.7875],[20.4019,39.7992],[20.4122,39.8158],[20.4153,39.8369],[20.4122,39.8433],[20.3381,39.9217],[20.3161,39.9933],[20.4386,40.0681],[20.4769,40.0661],[20.5558,40.0664],[20.6214,40.0853],[20.6653,40.0942],[20.7211,40.2231],[20.7214,40.2272],[20.7147,40.2553],[20.7131,40.2783],[20.7403,40.3092],[20.7872,40.3947],[20.8333,40.4622],[20.9142,40.4631],[20.9456,40.4669],[21.0414,40.5619],[21.0531,40.6186],[21.0531,40.6733],[21.0467,40.6858],[21.0208,40.7156],[20.9835,40.8559],[20.9442,40.9192],[20.7339,40.9119],[20.5192,41.2464],[20.5625,41.4081],[20.4581,41.5264],[20.5896,41.8822],[20.6233,41.9669],[20.5242,42.2144],[20.2447,42.3286],[20.1686,42.5069],[20.0714,42.5609],[19.8225,42.4719],[19.7533,42.6422],[19.6458,42.618],[19.2825,42.1856],[19.4003,42.1053],[19.3678,41.849]]]},"properties":{"name":"Albania","iso2":"AL","iso3":"ALB"}},
{"type":"Feature","geometry":{"type":"MultiPolygon","coordinates":[[[[46.1782,38.8412],[46.3547,38.9105],[46.5404,38.8756],[46.5158,39.0817],[46.4161,39.2014],[46.6225,39.2247],[46.3806,39.425],[46.5167,39.4758],[46.5414,39.5644],[46.35,39.628],[46.2042,39.598],[45.8567,39.8236],[45.7744,39.9436],[45.5958,39.978],[45.638,40.0217],[45.9008,40.0175],[46.0019,40.2255],[45.5325,40.4605],[45.3867,40.6653],[45.5941,40.7878],[45.618,40.8719],[45.0914,41.0628],[45.0814,41.1161],[45.2228,41.1419],[45.0469,41.2233],[45.0229,41.2971],[44.9786,41.2703],[44.8489,41.2131],[44.7286,41.2122],[44.4842,41.1878],[44.2489,41.2236],[44.1805,41.2044],[43.9005,41.1655],[43.7522,41.1125],[43.5786,41.1347],[43.4608,41.113],[43.4792,41.0253],[43.6717,40.9281],[43.7519,40.74],[43.5831,40.4511],[43.7217,40.1633],[43.6575,40.1086],[43.9339,40.0136],[44.3472,40.0239],[44.7789,39.7064],[45.0619,39.7789],[45.3261,39.5383],[45.4575,39.4936],[45.7253,39.5797],[45.8114,39.5564],[45.8556,39.348],[46.0089,39.2508],[45.9703,39.1664],[46.1782,38.8412]]],[[[45.5131,40.6072],[45.5875,40.6539],[45.5014,40.658],[45.5131,40.6072]]]]},"properties":{"name":"Armenia","iso2":"AM","iso3":"ARM"}},
{"type":"Feature","geometry":{"type":"Polygon","coordinates":[[[17.6683,42.9605],[17.5785,42.9438],[17.6498,42.8891],[17.6878,42.9217],[17.7975,42.9039],[17.8411,42.8703],[17.8828,42.8192],[17.96,42.7792],[18.1606,42.695],[18.2319,42.6422],[18.2686,42.6183],[18.3975,42.6144],[18.4556,42.5658],[18.5775,42.655],[18.4556,42.8256],[18.4806,42.9644],[18.65,43.0442],[18.7,43.2556],[18.9142,43.3583],[19.055,43.2325],[19.0936,43.3089],[18.9494,43.5094],[19.0117,43.5561],[19.2288,43.5132],[19.4806,43.5714],[19.5108,43.6797],[19.237,44.011],[19.5245,43.9589],[19.6205,44.0485],[19.1044,44.3558],[19.1234,44.5145],[19.3136,44.7047],[19.3714,44.8892],[19.1772,44.9236],[19.0397,44.8614],[19.0297,44.8603],[18.9683,44.8536],[18.9572,44.8531],[18.85,44.8608],[18.7942,44.895],[18.7681,44.9158],[18.7806,44.9403],[18.8008,44.9497],[18.7958,44.99],[18.6342,45.0833],[18.2697,45.1367],[18.2331,45.1358],[18.2114,45.1233],[18.2103,45.1147],[18.2181,45.0953],[18.2056,45.085],[18.1792,45.0778],[18.1303,45.0822],[18.12,45.0833],[18.0703,45.1044],[17.8328,45.0555],[17.5964,45.1089],[17.4844,45.118],[17.2467,45.1531],[17.1883,45.148],[17.1772,45.1486],[16.9139,45.2659],[16.8469,45.1985],[16.846,45.1944],[16.6628,45.2103],[16.6297,45.2208],[16.5264,45.2244],[16.4178,45.1243],[16.3427,45.0009],[16.2918,44.9991],[16.2097,45.0344],[16.1972,45.0444],[16.0361,45.2058],[16.0153,45.2183],[15.925,45.2281],[15.8233,45.2053],[15.8111,45.1955],[15.7942,45.18],[15.7867,45.1719],[15.765,45.0564],[15.7364,44.8169],[15.7422,44.8036],[15.7675,44.7761],[15.875,44.7103],[15.9394,44.7105],[15.9439,44.7086],[15.9617,44.6939],[16.0106,44.6169],[16.1981,44.3536],[16.16,44.1928],[16.2381,44.1983],[16.2803,44.1769],[16.3094,44.1486],[16.3225,44.1222],[16.3389,44.0933],[16.4156,44.0433],[16.4636,44.0267],[16.5161,44.0219],[16.5372,44.0136],[16.6967,43.8561],[16.7072,43.8411],[16.8297,43.7256],[16.9558,43.6033],[17.0714,43.5264],[17.1603,43.4978],[17.2478,43.4683],[17.2694,43.4519],[17.2703,43.4364],[17.2772,43.3328],[17.2856,43.3072],[17.3094,43.2706],[17.6431,43.0639],[17.6808,42.9928],[17.6683,42.9605]]]},"properties":{"name":"Bosnia and Herzegovina","iso2":"BA","iso3":"BIH"}},
{"type":"Feature","geometry":{"type":"Polygon","coordinates":[[[27.9036,41.9947],[28.0222,41.9981],[27.76,42.2461],[27.7042,42.4],[27.4486,42.4769],[27.7289,42.7097],[27.8969,42.7028],[27.945,43.1672],[28.1325,43.398],[28.4533,43.3853],[28.5539,43.4483],[28.5832,43.7478],[28.0472,43.8317],[27.9189,44.0055],[27.7364,43.9597],[27.6561,44.0425],[27.4,44.0219],[27.2727,44.1321],[27.0364,44.1473],[26.1442,43.9864],[25.7725,43.7055],[25.4302,43.6268],[24.5064,43.7622],[24.18,43.6847],[23.4271,43.8552],[23.0715,43.8022],[22.8753,43.8425],[22.8797,43.9817],[23.0442,44.0761],[22.6814,44.2247],[22.4169,44.0069],[22.3672,43.8269],[22.5433,43.4725],[22.7667,43.3858],[23.005,43.1928],[22.7456,42.8936],[22.4422,42.8217],[22.4472,42.5994],[22.5581,42.4792],[22.3653,42.3239],[22.5211,42.1486],[22.8286,42.0269],[23.0147,41.7622],[22.9356,41.3421],[23.2303,41.3533],[23.2283,41.375],[23.2853,41.4047],[23.5511,41.3917],[23.6358,41.3781],[23.8864,41.4519],[23.9744,41.4406],[24.065,41.5244],[24.0975,41.5511],[24.1572,41.5411],[24.2153,41.555],[24.2694,41.57],[24.3078,41.5464],[24.5644,41.5033],[24.5675,41.4894],[24.6089,41.4322],[24.8094,41.3522],[24.8125,41.3783],[24.8175,41.4025],[24.8194,41.405],[24.8459,41.4073],[24.8989,41.4119],[25.0612,41.3626],[25.1631,41.3175],[25.2394,41.2544],[25.345,41.2505],[25.5678,41.3222],[25.8867,41.3092],[26.14,41.3547],[26.1981,41.4394],[26.1347,41.6322],[26.1175,41.6286],[26.1031,41.6272],[26.0686,41.6603],[26.0658,41.6858],[26.0744,41.7119],[26.1631,41.7467],[26.2348,41.74],[26.2772,41.71],[26.3336,41.7383],[26.3322,41.7414],[26.3328,41.7531],[26.3747,41.8192],[26.4467,41.825],[26.5283,41.8261],[26.5422,41.828],[26.5664,41.9347],[26.5681,41.936],[26.9306,42.0069],[26.9622,42.0033],[27.0431,42.0858],[27.2825,42.1022],[27.305,42.0933],[27.3656,42.0592],[27.4411,41.9769],[27.5722,41.9072],[27.5817,41.913],[27.6381,41.9583],[27.8303,42.0014],[27.8347,42.0019],[27.8697,42.0055],[27.9036,41.9947]]]},"properties":{"name":"Bulgaria","iso2":"BG","iso3":"BGR"}},
{"type":"Feature","geometry":{"type":"Polygon","coordinates":[[[33.6526,35.3541],[33.3694,35.3286],[32.9213,35.3932],[32.9169,35.2],[32.8583,35.1506],[32.5492,35.1736],[32.3978,35.0394],[32.2819,35.0972],[32.4042,34.7508],[32.6983,34.6422],[32.8594,34.6661],[32.9419,34.5626],[33.0308,34.5626],[33.0597,34.6792],[33.6067,34.8203],[33.6775,34.9656],[34.0833,34.9594],[33.9025,35.1617],[33.9214,35.2728],[34.5903,35.6903],[33.6526,35.3541]]]},"properties":{"name":"Cyprus","iso2":"CY","iso3":"CYP"}},
{"type":"Feature","geometry":{"type":"MultiPolygon","coordinates":[[[[11.5139,54.8297],[11.1644,54.9567],[11.0319,54.9147],[10.9899,54.7909],[11.4556,54.6194],[11.8339,54.6611],[11.8494,54.7658],[11.6569,54.9039],[11.5139,54.8297]]],[[[12.0381,54.8925],[11.8467,54.9561],[11.7086,54.9367],[11.8992,54.7186],[11.8719,54.6514],[11.9644,54.5617],[11.9697,54.6994],[12.1694,54.8392],[12.0381,54.8925]]],[[[12.5575,54.9642],[12.3119,55.0353],[12.1158,54.9042],[12.5575,54.9642]]],[[[10.615,54.9503],[10.6225,55.0439],[10.4986,55.0064],[10.615,54.9503]]],[[[9.7925,55.075],[9.6306,55.0494],[9.7989,55.0111],[9.7858,54.9061],[10.0675,54.8731],[9.9719,55.0089],[9.7925,55.075]]],[[[10.7569,54.7772],[10.9492,55.1611],[10.6819,54.9086],[10.7036,54.7256],[10.7569,54.7772]]],[[[15.0517,54.995],[15.1411,55.1386],[14.76,55.3044],[14.6797,55.0997],[15.0517,54.995]]],[[[10.7453,55.4822],[10.6192,55.6192],[10.6061,55.4864],[10.4786,55.438],[10.4847,55.5325],[10.3097,55.6169],[9.905,55.5058],[9.8131,55.5475],[9.7486,55.5403],[9.6756,55.4992],[9.8108,55.4367],[10.0058,55.1933],[10.1186,55.1789],[10.1528,55.0844],[10.4978,55.0289],[10.7828,55.1225],[10.8347,55.2939],[10.7453,55.4822]]],[[[12.5794,55.5514],[12.6786,55.5906],[12.6061,55.6961],[12.5119,55.6097],[12.5794,55.5514]]],[[[10.6306,55.8656],[10.5553,55.9981],[10.5342,55.7625],[10.6139,55.7633],[10.6306,55.8656]]],[[[12.5672,55.9922],[12.6125,56.0453],[12.2906,56.1289],[11.8594,55.9667],[12.0147,55.9561],[12.0922,55.7225],[12.0572,55.6533],[11.9358,55.6533],[12.0564,55.7361],[11.9869,55.9047],[11.9028,55.9258],[11.7944,55.6617],[11.6706,55.8142],[11.7728,55.9622],[11.2733,55.9917],[11.5164,55.8983],[11.3433,55.7475],[11.2011,55.6981],[10.8736,55.7325],[11.0892,55.6628],[11.2467,55.1997],[11.7178,55.2067],[11.7978,55.1558],[11.7306,55.0606],[11.9009,54.9788],[12.1667,54.9956],[12.1792,55.1197],[12.0131,55.1586],[12.4617,55.2864],[12.1908,55.4786],[12.6003,55.7042],[12.5672,55.9922]]],[[[11.5658,56.6708],[11.6481,56.7233],[11.5033,56.7078],[11.5658,56.6708]]],[[[8.9247,56.9186],[8.8597,56.9553],[8.65,56.8894],[8.5108,56.7336],[8.7669,56.6922],[8.9247,56.9186]]],[[[9.4454,54.8254],[9.5931,54.9269],[9.7267,54.8275],[9.7681,54.8911],[9.7228,54.9931],[9.5075,55.0503],[9.4592,55.1239],[9.6886,55.1969],[9.5883,55.4217],[9.7042,55.5311],[9.8192,55.6047],[9.55,55.7058],[9.9928,55.705],[10.0486,55.8144],[9.8656,55.8464],[10.0939,55.8786],[10.1892,55.828],[10.2468,56.1786],[10.4486,56.2919],[10.4794,56.2206],[10.3531,56.1953],[10.5153,56.1008],[10.6178,56.2264],[10.745,56.1639],[10.9631,56.4394],[10.8442,56.5239],[10.5303,56.5083],[10.3087,56.5782],[10.1878,56.4686],[10.3386,56.6953],[9.8664,56.6503],[10.3053,56.7481],[10.3119,56.9813],[9.9743,57.0717],[9.3094,57.0019],[9.1782,56.916],[9.1661,56.6781],[9.3044,56.7],[9.3217,56.5256],[9.2742,56.63],[9.0586,56.5669],[9.1525,56.7039],[9.0756,56.8074],[8.9525,56.8047],[8.6811,56.62],[8.7283,56.4822],[8.2497,56.605],[8.2211,56.7094],[8.1561,56.6378],[8.1139,56.0008],[8.1411,56.1117],[8.3111,56.0531],[8.3972,55.8975],[8.1864,55.81],[8.1272,55.9856],[8.1856,55.7431],[8.0872,55.5489],[8.2569,55.4911],[8.3075,55.5533],[8.44,55.4522],[8.6239,55.4275],[8.6889,55.1364],[8.5064,55.1975],[8.4569,55.1239],[8.4958,55.0603],[8.6761,55.1142],[8.6645,54.9131],[8.9411,54.9055],[9.2536,54.8089],[9.4454,54.8254]]],[[[11.1958,57.3108],[10.855,57.2608],[10.9975,57.2233],[11.1958,57.3108]]],[[[10.4325,57.5922],[10.645,57.7375],[10.2183,57.6022],[9.9497,57.5836],[9.39,57.1511],[8.6172,57.1217],[8.2642,56.8328],[8.2489,56.6986],[8.555,56.5825],[8.5914,56.6861],[8.4158,56.6781],[8.6708,56.9453],[9.1155,57.0528],[9.2439,56.9956],[10.0067,57.09],[10.3366,56.9917],[10.5422,57.23],[10.4325,57.5922]]]]},"properties":{"name":"Denmark","iso2":"DK","iso3":"DNK"}},
{"type":"Feature","geometry":{"type":"MultiPolygon","coordinates":[[[[-9.9642,54.0186],[-10.2686,53.975],[-9.955,53.8767],[-9.9642,54.0186]]],[[[-6.267,54.0998],[-6.625,54.0392],[-6.8761,54.3453],[-7.0308,54.4178],[-7.2808,54.125],[-7.5594,54.1269],[-7.8514,54.2122],[-8.1567,54.4386],[-7.7522,54.5944],[-7.9253,54.7022],[-7.5533,54.7628],[-7.2525,55.0706],[-6.9317,55.2358],[-7.3794,55.3803],[-7.3914,55.2903],[-7.5506,55.2089],[-7.4469,55.0536],[-7.6814,54.9483],[-7.5253,55.1206],[-7.6575,55.2744],[-7.7917,55.212],[-7.7158,55.1711],[-7.6986,55.2142],[-7.6967,55.093],[-7.7122,55.1587],[-7.8108,55.1765],[-7.7935,55.2431],[-8.3175,55.1089],[-8.4567,54.9986],[-8.3851,54.942],[-8.4597,54.9383],[-8.3158,54.8697],[-8.8008,54.6917],[-8.5844,54.6097],[-8.1883,54.6336],[-8.2844,54.4733],[-8.6683,54.3494],[-8.4717,54.2739],[-9.0414,54.2869],[-9.1318,54.1597],[-9.3364,54.3169],[-9.7967,54.3347],[-9.8928,54.2081],[-10.0031,54.3014],[-10.1122,54.23],[-10.1244,54.0964],[-10.0061,54.2189],[-9.7878,53.9419],[-9.9128,53.9494],[-9.9406,53.8669],[-9.5614,53.8597],[-9.5878,53.7844],[-9.9064,53.7586],[-9.9131,53.6475],[-9.6953,53.5986],[-10.1861,53.5503],[-10.1758,53.4078],[-9.9592,53.3719],[-9.8061,53.4172],[-9.9047,53.3172],[-9.7867,53.2942],[-9.5633,53.3833],[-9.6081,53.2322],[-8.9411,53.2642],[-8.9381,53.1405],[-9.0436,53.1667],[-9.1542,53.1069],[-9.2667,53.1494],[-9.4733,52.9406],[-9.3947,52.9267],[-9.4858,52.8006],[-9.9364,52.5558],[-9.5542,52.6381],[-9.1669,52.6167],[-9.0281,52.7306],[-8.8183,52.6656],[-9.3317,52.5711],[-9.6517,52.5619],[-9.8397,52.3797],[-9.7408,52.2447],[-10.1694,52.2875],[-10.4647,52.1797],[-10.4442,52.0925],[-9.7578,52.1486],[-10.2636,51.9881],[-10.3719,51.8789],[-10.3386,51.7829],[-10.2053,51.8472],[-10.1019,51.7522],[-9.5775,51.8722],[-9.9967,51.7194],[-10.1325,51.5933],[-9.5356,51.75],[-9.4517,51.688],[-9.8447,51.5478],[-9.5919,51.61],[-9.8175,51.4455],[-9.4547,51.5308],[-9.3783,51.4708],[-9.2342,51.4806],[-9.1122,51.5481],[-8.6942,51.5736],[-8.3397,51.7228],[-8.3043,51.8204],[-8.4211,51.8839],[-8.2106,51.8844],[-8.2438,51.8068],[-8.1664,51.7922],[-7.8892,51.8903],[-7.8513,51.9768],[-7.7253,51.9378],[-7.5883,51.9917],[-7.5789,52.1003],[-7.0053,52.1361],[-6.9947,52.2828],[-6.9025,52.1664],[-6.7894,52.2169],[-6.3611,52.1775],[-6.3217,52.2403],[-6.4989,52.3561],[-6.2111,52.5383],[-6.2181,52.6603],[-6.0131,52.945],[-6.0356,53.1139],[-6.2247,53.3539],[-6.0811,53.5636],[-6.2142,53.6356],[-6.255,53.8336],[-6.3794,53.9094],[-6.3506,54.0139],[-6.105,53.9922],[-6.267,54.0998]]]]},"properties":{"name":"Ireland","iso2":"IE","iso3":"IRL"}},
{"type":"Feature","geometry":{"type":"MultiPolygon","coordinates":[[[[22.9908,58.5978],[22.5017,58.6022],[22.1125,58.4922],[21.8319,58.505],[22.0075,58.3533],[21.8486,58.2789],[22.2014,58.1447],[21.9858,57.9764],[22.0103,57.913],[22.2025,57.9861],[22.3675,58.2197],[22.7569,58.2403],[23.1425,58.4436],[23.3281,58.4344],[22.9908,58.5978]]],[[[23.365,58.53],[23.2714,58.6644],[23.0608,58.6164],[23.365,58.53]]],[[[23.2772,58.9631],[23.3811,58.9764],[23.3619,59.0278],[23.1172,59.0308],[23.1525,58.9658],[23.2772,58.9631]]],[[[22.7497,59],[22.5758,59.0686],[22.3756,58.9517],[22.0422,58.94],[22.3819,58.8869],[22.4697,58.7036],[22.5956,58.6883],[22.7758,58.8186],[22.8481,58.7736],[22.8844,58.8331],[23.0453,58.8364],[22.9297,58.9825],[22.7497,59]]],[[[28.0158,59.4786],[27.8481,59.4067],[26.9647,59.445],[26.6506,59.5533],[26.48,59.5339],[25.98,59.6328],[25.8731,59.5989],[25.6944,59.6683],[25.6556,59.5628],[25.4928,59.6642],[25.3925,59.4858],[24.9094,59.5072],[24.79,59.5667],[24.7228,59.4528],[24.3506,59.4714],[24.2122,59.345],[24.0372,59.3905],[24.0272,59.2878],[23.4706,59.2125],[23.4072,59.0186],[23.5564,58.9878],[23.5603,59.0475],[23.6378,58.9705],[23.4311,58.9394],[23.4831,58.81],[23.875,58.7686],[23.5389,58.7461],[23.4955,58.6942],[23.5011,58.5769],[23.7286,58.3708],[24.1106,58.2322],[24.3356,58.3886],[24.5556,58.3272],[24.315,57.8718],[24.3244,57.8703],[24.4203,57.8744],[24.453,57.9133],[24.5536,57.9547],[24.7239,57.965],[25.0608,58.0611],[25.1392,58.0767],[25.17,58.0744],[25.1797,58.0703],[25.2072,58.028],[25.2239,57.9972],[25.2944,58.0075],[25.3,58.0142],[25.3003,58.0269],[25.2969,58.038],[25.2889,58.0472],[25.2669,58.0769],[25.2872,58.0842],[25.4361,58.0294],[25.445,58.0208],[25.4533,57.9994],[25.6181,57.9183],[26.035,57.8233],[26.2875,57.6189],[26.5114,57.5261],[26.5236,57.523],[26.5389,57.5222],[26.6028,57.5258],[26.6089,57.5269],[26.8731,57.6305],[26.8983,57.6339],[27.0319,57.6047],[27.0806,57.5636],[27.3721,57.5356],[27.5458,57.8178],[27.8231,57.8739],[27.4742,58.2139],[27.5425,58.4139],[27.4261,58.8136],[27.7881,59.0586],[27.9125,59.2718],[28.1704,59.3098],[28.1939,59.3758],[28.0158,59.4786]]]]},"properties":{"name":"Estonia","iso2":"EE","iso3":"EST"}},
{"type":"Feature","geometry":{"type":"Polygon","coordinates":[[[13.8336,48.7736],[13.8267,48.6431],[13.805,48.5842],[13.726,48.5156],[13.6578,48.5492],[13.4506,48.5689],[13.4417,48.5656],[13.4578,48.5178],[13.4358,48.4236],[13.335,48.3286],[13.2919,48.3075],[13.1544,48.2922],[12.8675,48.2008],[12.7675,48.1319],[12.7533,48.1092],[12.7683,48.0792],[12.8056,48.0497],[12.8632,48],[12.9189,47.9578],[13.0089,47.8542],[12.9108,47.7244],[12.9119,47.7208],[12.9236,47.7147],[12.9911,47.7125],[13.0033,47.7178],[13.0244,47.725],[13.0344,47.7222],[13.08,47.6844],[13.1,47.645],[13.1003,47.6408],[13.055,47.5],[13.0531,47.4964],[13.0117,47.4692],[12.7861,47.5858],[12.8278,47.6164],[12.7356,47.6842],[12.6658,47.685],[12.6069,47.6744],[12.5181,47.6322],[12.455,47.6678],[12.2069,47.6395],[12.2064,47.6186],[12.1994,47.6103],[11.92,47.6142],[11.5053,47.5092],[11.2964,47.4289],[11.0956,47.3961],[11.0286,47.3953],[10.9836,47.398],[10.9736,47.4006],[10.9094,47.5181],[10.5694,47.5403],[10.4842,47.5828],[10.4342,47.5814],[10.4364,47.5292],[10.4675,47.4836],[10.4297,47.3961],[10.34,47.315],[10.2328,47.2767],[10.1733,47.2747],[10.2314,47.3814],[9.955,47.5397],[9.7631,47.5847],[9.7292,47.5353],[9.5779,47.5374],[9.5667,47.5405],[9.6731,47.395],[9.5336,47.2745],[9.6339,47.1306],[9.5986,47.0638],[9.8756,47.0225],[9.8794,46.9392],[10.1094,46.8503],[10.3911,47.0036],[10.4712,46.8714],[10.5608,46.8486],[10.5664,46.8492],[10.6425,46.8689],[10.6794,46.8747],[10.7644,46.8342],[10.7917,46.8014],[10.8878,46.7711],[11.0725,46.825],[11.1644,46.9622],[11.4839,47.0142],[11.7258,46.98],[11.7558,46.9775],[11.7667,46.9789],[12.1401,47.0848],[12.2217,47.0883],[12.2261,47.0867],[12.2308,47.0722],[12.2044,47.0392],[12.19,47.03],[12.1853,47.0289],[12.1383,47.0208],[12.1272,47.0097],[12.1361,46.9669],[12.2322,46.8889],[12.3017,46.8411],[12.3983,46.7083],[12.5544,46.6617],[12.7281,46.6425],[12.7433,46.6414],[12.7533,46.6483],[12.7689,46.6508],[12.8236,46.6322],[13.5581,46.5558],[13.7187,46.5266],[14.545,46.4075],[14.8117,46.51],[14.8706,46.6158],[15.8683,46.7231],[16.1118,46.8697],[16.3028,47.0114],[16.5106,47.0067],[16.4206,47.2092],[16.4917,47.28],[16.4519,47.4153],[16.5925,47.4253],[16.7139,47.5439],[16.4506,47.6981],[16.6356,47.7603],[16.7619,47.6853],[17.0539,47.7094],[17.1664,48.0125],[16.8422,48.3653],[16.9462,48.6191],[16.8997,48.7222],[16.645,48.7906],[16.1033,48.75],[15.3647,48.9836],[15.0258,49.0189],[14.9589,48.7947],[14.8125,48.7814],[14.7003,48.5814],[14.6089,48.6289],[14.1842,48.5961],[13.8336,48.7736]]]},"properties":{"name":"Austria","iso2":"AT","iso3":"AUT"}},
{"type":"Feature","geometry":{"type":"Polygon","coordinates":[[[16.9462,48.6191],[17.1879,48.8694],[17.4039,48.8228],[17.7575,48.8767],[18.0753,49.0419],[18.2081,49.2842],[18.3794,49.3303],[18.5622,49.4939],[18.8512,49.5174],[18.8117,49.6722],[18.6342,49.7378],[18.5772,49.9144],[18.2703,49.9578],[18.0532,50.0559],[17.8828,49.9769],[17.6578,50.1081],[17.5986,50.1617],[17.7625,50.2056],[17.7228,50.3197],[17.6336,50.2655],[17.4331,50.2703],[16.8903,50.4394],[17.0022,50.2169],[16.6419,50.1083],[16.4414,50.3167],[16.2058,50.4239],[16.4481,50.5728],[16.3419,50.6611],[16.0244,50.63],[15.7875,50.7442],[15.3797,50.7794],[15.1769,51.0147],[15.0106,50.9842],[15.0053,50.8672],[14.8283,50.8658],[14.8042,50.8205],[14.7764,50.8183],[14.7397,50.8239],[14.7178,50.8292],[14.6314,50.8811],[14.5692,51.0056],[14.3028,51.0514],[14.2561,50.9878],[14.3197,50.9469],[14.3207,50.9464],[14.3228,50.9453],[14.3683,50.935],[14.1556,50.843],[13.9947,50.8153],[13.9044,50.7894],[13.7342,50.7308],[13.5822,50.7094],[13.5411,50.6897],[13.5183,50.6378],[13.4725,50.6053],[13.4586,50.6006],[13.4164,50.6106],[13.2239,50.5503],[13.2228,50.5442],[13.0794,50.4981],[13.0117,50.4364],[12.9919,50.4211],[12.9389,50.4089],[12.8997,50.4244],[12.8189,50.4544],[12.7683,50.4442],[12.5186,50.3939],[12.5122,50.3911],[12.3986,50.3092],[12.3256,50.2361],[12.1772,50.3181],[12.1208,50.3094],[12.2086,50.1694],[12.1964,50.1439],[12.2061,50.1062],[12.3075,50.0475],[12.4711,49.9858],[12.5456,49.9156],[12.4675,49.7822],[12.4761,49.6908],[12.5089,49.6825],[12.5156,49.6794],[12.5547,49.6167],[12.5978,49.5275],[12.8036,49.3378],[12.8878,49.3278],[12.8931,49.3311],[12.8861,49.3469],[12.9456,49.3394],[13.3228,49.0983],[13.3969,49.0481],[13.5648,48.9737],[13.5911,48.9597],[13.6411,48.9142],[13.6619,48.8964],[13.6778,48.8842],[13.7078,48.8803],[13.7367,48.8839],[13.7408,48.8817],[13.7458,48.8678],[13.8156,48.7969],[13.8122,48.7808],[13.8325,48.775],[13.8336,48.7736],[14.1842,48.5961],[14.6089,48.6289],[14.7003,48.5814],[14.8125,48.7814],[14.9589,48.7947],[15.0258,49.0189],[15.3647,48.9836],[16.1033,48.75],[16.645,48.7906],[16.8997,48.7222],[16.9462,48.6191]]]},"properties":{"name":"Czech Republic","iso2":"CZ","iso3":"CZE"}},
{"type":"Feature","geometry":{"type":"MultiPolygon","coordinates":[[[[23.7058,59.9272],[23.5383,59.9603],[23.37,59.9114],[23.7058,59.9272]]],[[[22.8336,59.9564],[22.8853,59.9019],[23.0561,59.9033],[23.0681,59.9556],[22.8336,59.9564]]],[[[21.5981,60.0981],[21.6556,60.1555],[21.5528,60.1644],[21.4847,60.1083],[21.5981,60.0981]]],[[[21.7489,60.1114],[21.8564,60.1917],[21.7089,60.1792],[21.7489,60.1114]]],[[[22.0008,60.1294],[22.0608,60.2039],[21.9375,60.17],[22.0008,60.1294]]],[[[22.8244,60.2272],[22.5878,60.2025],[22.4497,60.2183],[22.4728,59.9969],[22.7361,60.0031],[22.8244,60.2272]]],[[[25.6772,60.235],[25.5767,60.2908],[25.5911,60.2105],[25.6772,60.235]]],[[[22.3422,60.2831],[22.0961,60.3078],[22.0689,60.2686],[22.3422,60.2831]]],[[[22.3833,60.2883],[22.4769,60.3236],[22.3967,60.3511],[22.3833,60.2883]]],[[[21.9828,60.3242],[21.8075,60.4656],[21.79,60.3725],[21.9828,60.3242]]],[[[21.4833,60.5203],[21.3219,60.5431],[21.4325,60.4697],[21.4833,60.5203]]],[[[21.2903,60.6122],[21.2142,60.6197],[21.2892,60.5614],[21.2903,60.6122]]],[[[21.0803,63.2814],[21.2469,63.1447],[21.4272,63.1969],[21.4133,63.2514],[21.0803,63.2814]]],[[[22.1808,63.2653],[22.1925,63.3219],[22.0408,63.3069],[22.1808,63.2653]]],[[[22.8736,63.8],[22.8061,63.8769],[22.6725,63.7892],[22.8736,63.8]]],[[[24.735,64.9444],[25.03,65.0405],[24.6156,65.0564],[24.5858,64.9725],[24.735,64.9444]]],[[[28.9573,69.0516],[28.7869,69.1192],[28.8192,69.2319],[29.2997,69.4803],[29.1275,69.6858],[28.3797,69.8275],[27.9025,70.0889],[27.5733,70.0689],[27.0689,69.9086],[26.4706,69.9353],[25.9783,69.7019],[25.7133,69.2553],[25.7611,68.9892],[25.6233,68.8842],[25.2144,68.8175],[24.9349,68.5808],[23.9764,68.8325],[23.83,68.83],[23.6928,68.7122],[23.2042,68.6286],[23.0639,68.6955],[22.3983,68.7111],[22.3467,68.8447],[21.6819,69.2847],[21.3208,69.3261],[21.0281,69.2081],[21.0594,69.0344],[20.7383,69.0964],[20.5809,69.0603],[20.8667,69.005],[20.8953,68.8936],[22.0506,68.4792],[22.8236,68.388],[23.6569,67.9508],[23.4833,67.8631],[23.4311,67.4655],[23.7678,67.4161],[23.5717,67.1567],[24.0078,66.8006],[23.8786,66.5572],[23.6467,66.4483],[23.6619,66.3122],[24.167,65.814],[24.4094,65.7664],[24.6892,65.8961],[24.5539,65.7755],[24.6692,65.6547],[25.0703,65.6106],[25.3492,65.4805],[25.2675,65.17],[25.4472,64.9547],[25.1883,64.9661],[25.3642,64.8319],[25.2333,64.8178],[25.0864,64.9128],[24.5422,64.8025],[24.3433,64.5236],[23.9994,64.3858],[23.6022,64.0644],[23.3847,64.0486],[23.3189,63.8967],[22.9233,63.8011],[22.7806,63.6258],[22.5892,63.6955],[22.3964,63.4725],[22.2925,63.5272],[22.1881,63.4631],[22.3372,63.2736],[21.9667,63.1831],[21.8819,63.2567],[21.6472,63.1919],[21.5342,63.2286],[21.5219,63.1206],[21.6861,63.025],[21.4392,63.0425],[21.3772,62.8639],[21.1061,62.7694],[21.1117,62.4517],[21.3367,62.3489],[21.39,62.2036],[21.2533,62.0056],[21.6681,61.5469],[21.4653,61.5506],[21.5544,61.3094],[21.3283,60.8653],[21.3586,60.6536],[21.5883,60.5069],[21.8244,60.6192],[21.8031,60.4825],[21.9375,60.5214],[22.2769,60.3858],[22.6322,60.3919],[22.4472,60.2444],[22.556,60.2133],[23.0869,60.3469],[22.8744,60.1456],[23.0419,60.1208],[23.0494,60.0361],[23.2597,60.0356],[23.1072,59.9225],[23.3383,60.02],[23.2572,59.9194],[22.9097,59.805],[23.2525,59.8392],[23.5383,60.0697],[23.4344,59.9506],[23.5614,59.9707],[23.6181,59.9519],[23.7972,59.9619],[24.3331,60.0719],[24.4628,59.9894],[24.6033,60.1219],[25.4894,60.2458],[25.6622,60.3622],[25.7206,60.2481],[25.8458,60.265],[25.7539,60.3147],[25.92,60.2417],[25.8381,60.4011],[26.0419,60.2931],[26.0514,60.4275],[26.4217,60.3919],[26.4619,60.5075],[26.6592,60.6475],[26.7539,60.5717],[26.5758,60.5855],[26.4731,60.4733],[26.5636,60.4281],[26.9603,60.4419],[27.0314,60.5389],[27.2153,60.5855],[27.4731,60.4764],[27.8078,60.5464],[29.7947,61.5992],[31.2597,62.5078],[31.5889,62.9144],[31.2197,63.2231],[30.4817,63.4786],[29.9933,63.7436],[30.2558,63.8178],[30.6144,64.0867],[30.5608,64.2444],[30.0536,64.405],[29.975,64.5811],[30.1992,64.6503],[30.1408,64.7742],[29.7942,64.7972],[29.6067,65.0017],[29.8739,65.1208],[29.8536,65.2161],[29.5964,65.2489],[29.7475,65.3419],[29.8189,65.6533],[30.1239,65.665],[30.1342,65.7192],[29.9103,66.1269],[29.0753,66.9114],[29.9328,67.5139],[30.0286,67.6947],[29.6917,67.8153],[29.3569,68.0825],[28.6967,68.1933],[28.4575,68.5319],[28.8206,68.8444],[28.4319,68.8969],[28.9573,69.0516]]]]},"properties":{"name":"Finland","iso2":"FI","iso3":"FIN"}},
{"type":"Feature","geometry":{"type":"MultiPolygon","coordinates":[[[[9.4467,42.6789],[9.4608,42.9864],[9.3833,43.0086],[9.2939,42.6756],[9.1194,42.7303],[8.7217,42.5744],[8.5758,42.3836],[8.6881,42.2703],[8.5706,42.2217],[8.5872,42.1697],[8.745,42.0514],[8.5886,41.9631],[8.6272,41.9067],[8.7842,41.9244],[8.705,41.7594],[8.9214,41.688],[8.7947,41.6325],[8.7892,41.5581],[9.1808,41.3647],[9.3989,41.6989],[9.4111,41.9542],[9.5533,42.1156],[9.5339,42.5419],[9.4467,42.6789]]],[[[-1.1944,45.8225],[-1.1731,45.8986],[-1.4017,46.0506],[-1.1944,45.8225]]],[[[-2.1969,47.0172],[-2.2847,47.0206],[-2.145,46.9058],[-2.1969,47.0172]]],[[[-3.0667,47.3067],[-3.2522,47.3905],[-3.2158,47.3025],[-3.0667,47.3067]]],[[[2.5417,51.0911],[1.7333,50.9425],[1.5986,50.8092],[1.6039,50.3688],[1.4419,50.1033],[1.0736,49.9272],[0.6403,49.8661],[0.2089,49.718],[0.0781,49.5117],[0.3092,49.4533],[0.4944,49.4881],[-0.0733,49.3055],[-0.2283,49.2836],[-0.9278,49.3947],[-1.1139,49.3653],[-1.2983,49.5372],[-1.2642,49.6842],[-1.6206,49.6553],[-1.9417,49.7239],[-1.8486,49.6358],[-1.8122,49.3778],[-1.6097,49.215],[-1.5625,48.7478],[-1.3689,48.6436],[-1.8256,48.6114],[-1.8461,48.7092],[-1.9881,48.6869],[-1.9772,48.5125],[-2.0393,48.5996],[-2.3072,48.6761],[-2.6853,48.5017],[-3.0608,48.8264],[-3.2208,48.8706],[-3.5367,48.8258],[-3.5831,48.6758],[-3.8106,48.7261],[-3.8575,48.6361],[-3.9681,48.7256],[-4.3542,48.6742],[-4.7778,48.5094],[-4.7636,48.3353],[-4.4406,48.355],[-4.1861,48.3],[-4.5306,48.29],[-4.5594,48.3361],[-4.6239,48.2819],[-4.5558,48.175],[-4.4414,48.2383],[-4.3103,48.2014],[-4.2836,48.1147],[-4.7261,48.0406],[-4.4361,47.9725],[-4.3664,47.8042],[-4.1828,47.8042],[-3.9822,47.8897],[-3.8339,47.8006],[-3.2169,47.6506],[-3.1064,47.4722],[-3.125,47.5994],[-2.6981,47.6372],[-2.7328,47.5456],[-2.8684,47.5471],[-2.8336,47.4972],[-2.5808,47.5378],[-2.3611,47.5042],[-2.4917,47.493],[-2.4064,47.4075],[-2.5275,47.3861],[-2.5403,47.2967],[-2.2892,47.2389],[-2.0033,47.3192],[-1.7286,47.2108],[-2.1342,47.2781],[-2.1708,47.1267],[-1.9842,47.0344],[-2.1308,46.8383],[-1.8606,46.6378],[-1.7864,46.4883],[-1.2203,46.2897],[-1.1146,46.3166],[-1.0678,45.9089],[-1.2306,45.7881],[-1.2408,45.7017],[-0.7767,45.4611],[-0.5367,44.8956],[-0.7975,45.3569],[-1.0767,45.5686],[-1.2503,44.6625],[-1.1689,44.7761],[-1.0361,44.6753],[-1.2086,44.6258],[-1.4439,43.6405],[-1.5853,43.4414],[-1.7809,43.3599],[-1.7304,43.299],[-1.3914,43.2628],[-1.4344,43.0456],[-1.3003,43.0717],[-0.9342,42.9525],[-0.7467,42.9656],[-0.5622,42.7814],[-0.3087,42.8484],[-0.0506,42.6919],[0.1786,42.7353],[0.6755,42.6885],[0.72,42.8592],[1.0917,42.7844],[1.1739,42.7097],[1.3592,42.7153],[1.3903,42.6883],[1.4172,42.6508],[1.4458,42.6019],[1.4919,42.6536],[1.5564,42.6564],[1.5631,42.6555],[1.7817,42.57],[1.7539,42.57],[1.7353,42.5544],[1.7233,42.5153],[1.7236,42.5094],[2.0239,42.3522],[2.2692,42.4372],[2.5419,42.3325],[2.95,42.4806],[3.1777,42.4368],[3.0494,42.5539],[2.96,42.8378],[3.0814,43.0694],[3.2581,43.2275],[3.9647,43.5408],[4.1081,43.555],[4.1906,43.4619],[4.2878,43.4569],[4.2414,43.486],[4.3094,43.5122],[4.3211,43.4583],[4.5356,43.4583],[4.6528,43.3597],[4.7727,43.3736],[4.7319,43.4004],[4.6967,43.5778],[4.7439,43.4286],[4.8394,43.3902],[5.0397,43.4376],[5.0314,43.5567],[5.2325,43.4675],[5.0389,43.3475],[5.3222,43.3667],[5.3636,43.2219],[5.6892,43.1885],[5.8386,43.06],[5.9556,43.1183],[6.1653,43.0506],[6.1869,43.1286],[6.6417,43.185],[6.7003,43.2756],[6.6364,43.3111],[7.1586,43.6631],[7.3916,43.7275],[7.3878,43.7486],[7.4294,43.7714],[7.5281,43.7886],[7.495,43.8817],[7.7083,44.0794],[7.6622,44.1708],[7.3533,44.1311],[6.9764,44.2842],[6.8769,44.3767],[6.8528,44.5408],[7.0317,44.8314],[6.7469,44.9194],[6.6198,45.1101],[7.1278,45.2578],[7.1469,45.4305],[6.799,45.7807],[7.0381,45.9319],[6.8739,46.0881],[6.7881,46.1422],[6.7811,46.1625],[6.807,46.4042],[6.7378,46.4475],[6.6336,46.4642],[6.52,46.4592],[6.4919,46.453],[6.3111,46.4014],[6.2464,46.3578],[6.2433,46.355],[6.23,46.3339],[6.2256,46.3225],[6.2456,46.2183],[6.1858,46.1708],[6.1236,46.148],[5.9964,46.1469],[5.9667,46.2094],[5.9681,46.2125],[6.0092,46.2339],[6.0725,46.2497],[6.1078,46.2531],[6.1172,46.2606],[6.1061,46.2975],[6.115,46.3055],[6.1586,46.37],[6.1517,46.3864],[6.0711,46.4264],[6.0869,46.4494],[6.1272,46.5858],[6.3467,46.7114],[6.3667,46.7206],[6.4575,46.7808],[6.4469,46.8394],[6.6208,46.9944],[6.6397,47.0042],[6.6783,47.0342],[6.7933,47.1308],[6.8389,47.1678],[6.8375,47.1711],[6.9717,47.2919],[6.9808,47.3617],[6.8811,47.3569],[6.88,47.3603],[6.8844,47.3728],[7.025,47.508],[7.1783,47.4458],[7.2514,47.4219],[7.3369,47.4394],[7.3825,47.4325],[7.4331,47.4605],[7.5022,47.5005],[7.4972,47.5444],[7.5508,47.5764],[7.5672,47.5836],[7.5883,47.5845],[7.5108,47.7033],[7.6242,47.9769],[7.5789,48.1197],[7.7508,48.3367],[7.8022,48.5758],[8.2261,48.9644],[7.9386,49.0489],[7.6521,49.0449],[7.4236,49.1772],[7.2878,49.1111],[7.0906,49.1275],[6.9306,49.2208],[6.8389,49.155],[6.7308,49.1661],[6.5406,49.4258],[6.4161,49.4758],[6.4114,49.4756],[6.3622,49.4594],[6.3028,49.4767],[6.12,49.4717],[6.0906,49.453],[5.81,49.5389],[5.8079,49.545],[5.7922,49.5458],[5.6319,49.5358],[5.5144,49.5089],[5.4653,49.5217],[5.4761,49.5342],[5.4742,49.5411],[5.415,49.6133],[5.3311,49.6567],[4.9844,49.8047],[4.9447,49.7936],[4.9244,49.7894],[4.8639,49.8072],[4.8533,50.0956],[4.8833,50.1292],[4.8875,50.1311],[4.8947,50.1403],[4.8325,50.1686],[4.7631,50.1356],[4.6878,50.0672],[4.6975,50.0555],[4.6736,49.9964],[4.5106,49.9475],[4.4583,49.9386],[4.4458,49.9406],[4.4133,49.9492],[4.3172,49.9697],[4.1742,49.9799],[4.1472,50.01],[4.165,50.2831],[4.0332,50.3564],[3.8897,50.34],[3.6769,50.3953],[3.6577,50.4589],[3.6078,50.4958],[3.4525,50.5094],[3.3672,50.4956],[3.2986,50.523],[3.28,50.5383],[3.2431,50.6603],[3.1622,50.7836],[3.1544,50.7883],[3.0417,50.7772],[2.9606,50.7575],[2.8675,50.7134],[2.6506,50.8161],[2.5417,51.0911]]]]},"properties":{"name":"France","iso2":"FR","iso3":"FRA"}},
{"type":"Feature","geometry":{"type":"Polygon","coordinates":[[[46.4518,41.8971],[46.4464,41.9044],[46.4061,41.9355],[46.3942,41.9405],[46.24,42.0014],[45.9869,42.0286],[45.6372,42.2169],[45.6386,42.2289],[45.6553,42.2592],[45.7547,42.4572],[45.7569,42.4822],[45.5761,42.5461],[45.5269,42.5508],[45.4811,42.5464],[45.3358,42.5508],[45.3347,42.5564],[45.3158,42.5819],[45.2169,42.6728],[45.1589,42.7058],[45.0686,42.6925],[45.0458,42.6961],[44.9764,42.735],[44.9472,42.7553],[44.9347,42.7603],[44.9008,42.7631],[44.8867,42.7603],[44.8592,42.7472],[44.855,42.7433],[44.7655,42.6705],[44.7472,42.6969],[44.6844,42.7394],[44.6403,42.7494],[44.6383,42.7488],[44.5664,42.76],[44.4997,42.7508],[44.2444,42.6605],[44.2208,42.6369],[44.1975,42.6272],[44.1897,42.6252],[43.7783,42.603],[43.7447,42.6592],[43.7628,42.6731],[43.8361,42.7278],[43.8378,42.7339],[43.7564,42.7758],[43.6708,42.7911],[43.6411,42.81],[43.6369,42.8136],[43.6194,42.835],[43.5919,42.8492],[43.5325,42.8683],[43.3778,42.9005],[43.2136,42.9317],[43.0108,43.0567],[42.8636,43.1753],[42.85,43.1792],[42.7011,43.1825],[42.68,43.1711],[42.6608,43.1505],[42.6425,43.1439],[42.613,43.1478],[42.5289,43.1842],[42.4892,43.2161],[42.3883,43.2394],[42.1744,43.2339],[42.1112,43.1973],[41.6053,43.2203],[41.565,43.2322],[41.2136,43.3789],[41.193,43.3847],[41.1344,43.3853],[41.06,43.3728],[41.0067,43.3955],[40.898,43.4608],[40.8639,43.4772],[40.8108,43.4869],[40.6033,43.5253],[40.368,43.5533],[40.355,43.5578],[40.3244,43.5697],[40.2208,43.5847],[40.1267,43.5722],[40.1069,43.5664],[40.0211,43.4442],[40.003,43.3793],[40.2153,43.3186],[40.3606,43.1633],[41.0139,42.9864],[41.1558,42.7892],[41.4508,42.7205],[41.7747,41.8856],[41.7303,41.7255],[41.5316,41.5239],[41.5692,41.518],[41.7247,41.4925],[41.8286,41.4297],[41.8378,41.4289],[41.955,41.5164],[41.968,41.5192],[42.2728,41.4917],[42.3669,41.4603],[42.4833,41.4383],[42.5508,41.4953],[42.5903,41.5792],[42.6517,41.5928],[42.8161,41.5869],[42.8402,41.5789],[43.0397,41.3742],[43.2336,41.1903],[43.3497,41.2019],[43.3872,41.2006],[43.4519,41.1711],[43.455,41.1689],[43.4755,41.1364],[43.4608,41.113],[43.5786,41.1347],[43.7522,41.1125],[43.9005,41.1655],[44.1805,41.2044],[44.2489,41.2236],[44.4842,41.1878],[44.7286,41.2122],[44.8489,41.2131],[44.9786,41.2703],[45.0229,41.2971],[45.2789,41.4555],[45.3286,41.4636],[45.7155,41.3169],[45.7086,41.2903],[45.748,41.2603],[45.8697,41.2061],[45.9225,41.1892],[46.0622,41.1719],[46.2272,41.2067],[46.2433,41.2055],[46.268,41.1839],[46.3408,41.13],[46.3783,41.1042],[46.4839,41.0555],[46.5017,41.0481],[46.5086,41.0461],[46.5208,41.05],[46.5557,41.0673],[46.6225,41.1005],[46.6633,41.1461],[46.67,41.155],[46.7108,41.2553],[46.6939,41.3122],[46.6211,41.365],[46.3339,41.4817],[46.2333,41.5986],[46.1978,41.6692],[46.2114,41.7489],[46.2839,41.7597],[46.2978,41.7558],[46.3214,41.7542],[46.4205,41.8378],[46.4333,41.8567],[46.4518,41.8971]]]},"properties":{"name":"Georgia","iso2":"GE","iso3":"GEO"}},
{"type":"Feature","geometry":{"type":"MultiPolygon","coordinates":[[[[8.6645,54.9131],[8.4265,54.9102],[8.3522,54.9669],[8.4631,55.0481],[8.3933,55.0531],[8.2911,54.8947],[8.2811,54.7469],[8.3025,54.86],[8.5806,54.8679],[9.0169,54.4983],[8.8555,54.4055],[8.6389,54.3967],[8.5994,54.3339],[8.6694,54.2669],[8.8836,54.2942],[8.825,54.1553],[9.0172,54.085],[8.9789,54.0186],[8.8361,54.0311],[8.8997,53.9408],[9.3278,53.8572],[9.5611,53.6217],[9.8325,53.5364],[9.5731,53.5911],[9.28,53.8578],[8.8531,53.8297],[8.6656,53.8939],[8.4833,53.6903],[8.5683,53.5333],[8.5031,53.3542],[8.4944,53.555],[8.3414,53.6136],[8.2431,53.5861],[8.2892,53.4225],[8.0978,53.4444],[8.0614,53.5005],[8.1658,53.5497],[8.0083,53.71],[7.2958,53.6853],[7.0961,53.5919],[7.0156,53.4147],[7.0581,53.3372],[7.3511,53.3175],[7.25,53.3153],[7.2084,53.2428],[7.2103,53.0019],[7.0517,52.6436],[6.7681,52.6522],[6.6889,52.5492],[6.7533,52.4628],[6.9875,52.4611],[7.0656,52.3858],[7.0531,52.2378],[6.7364,52.0767],[6.8289,51.9656],[6.4628,51.8536],[6.1236,51.8881],[5.9625,51.8078],[6.2222,51.4658],[6.2222,51.3617],[6.0764,51.2403],[6.0975,51.1311],[5.8647,51.0461],[5.8917,50.9728],[6.0256,50.9783],[6.0803,50.9158],[6.0118,50.7573],[6.2686,50.6236],[6.2708,50.6214],[6.2478,50.5892],[6.2647,50.4978],[6.3444,50.4842],[6.3736,50.4433],[6.3744,50.4406],[6.3982,50.3232],[6.2808,50.2836],[6.1656,50.2236],[6.1344,50.1278],[6.1281,50.1164],[6.1753,49.95],[6.2503,49.8842],[6.3956,49.8178],[6.4819,49.8111],[6.5244,49.8086],[6.5058,49.7066],[6.4208,49.6658],[6.3565,49.5259],[6.3622,49.4594],[6.4114,49.4756],[6.4161,49.4758],[6.5406,49.4258],[6.7308,49.1661],[6.8389,49.155],[6.9306,49.2208],[7.0906,49.1275],[7.2878,49.1111],[7.4236,49.1772],[7.6521,49.0449],[7.9386,49.0489],[8.2261,48.9644],[7.8022,48.5758],[7.7508,48.3367],[7.5789,48.1197],[7.6242,47.9769],[7.5108,47.7033],[7.5883,47.5845],[7.6769,47.6036],[7.67,47.5764],[7.6972,47.5433],[7.9064,47.5581],[8.0867,47.5606],[8.0922,47.5617],[8.1025,47.5683],[8.1081,47.5783],[8.2408,47.6194],[8.2833,47.6131],[8.2925,47.6058],[8.465,47.6025],[8.5111,47.6311],[8.5583,47.6233],[8.5622,47.6214],[8.5764,47.5914],[8.6292,47.6461],[8.6269,47.6561],[8.6208,47.6611],[8.4953,47.6472],[8.4072,47.6997],[8.5597,47.8064],[8.6086,47.8042],[8.6856,47.7867],[8.735,47.7614],[8.7307,47.7057],[8.8001,47.6817],[8.7728,47.7133],[8.7778,47.7228],[8.8353,47.718],[8.8558,47.6989],[8.905,47.6503],[8.9342,47.6531],[9.005,47.6825],[9.0425,47.6889],[9.0869,47.685],[9.2611,47.6628],[9.5667,47.5405],[9.5779,47.5374],[9.7292,47.5353],[9.7631,47.5847],[9.955,47.5397],[10.2314,47.3814],[10.1733,47.2747],[10.2328,47.2767],[10.34,47.315],[10.4297,47.3961],[10.4675,47.4836],[10.4364,47.5292],[10.4342,47.5814],[10.4842,47.5828],[10.5694,47.5403],[10.9094,47.5181],[10.9736,47.4006],[10.9836,47.398],[11.0286,47.3953],[11.0956,47.3961],[11.2964,47.4289],[11.5053,47.5092],[11.92,47.6142],[12.1994,47.6103],[12.2064,47.6186],[12.2069,47.6395],[12.455,47.6678],[12.5181,47.6322],[12.6069,47.6744],[12.6658,47.685],[12.7356,47.6842],[12.8278,47.6164],[12.7861,47.5858],[13.0117,47.4692],[13.0531,47.4964],[13.055,47.5],[13.1003,47.6408],[13.1,47.645],[13.08,47.6844],[13.0344,47.7222],[13.0244,47.725],[13.0033,47.7178],[12.9911,47.7125],[12.9236,47.7147],[12.9119,47.7208],[12.9108,47.7244],[13.0089,47.8542],[12.9189,47.9578],[12.8632,48],[12.8056,48.0497],[12.7683,48.0792],[12.7533,48.1092],[12.7675,48.1319],[12.8675,48.2008],[13.1544,48.2922],[13.2919,48.3075],[13.335,48.3286],[13.4358,48.4236],[13.4578,48.5178],[13.4417,48.5656],[13.4506,48.5689],[13.6578,48.5492],[13.726,48.5156],[13.805,48.5842],[13.8267,48.6431],[13.8336,48.7736],[13.8325,48.775],[13.8122,48.7808],[13.8156,48.7969],[13.7458,48.8678],[13.7408,48.8817],[13.7367,48.8839],[13.7078,48.8803],[13.6778,48.8842],[13.6619,48.8964],[13.6411,48.9142],[13.5911,48.9597],[13.5648,48.9737],[13.3969,49.0481],[13.3228,49.0983],[12.9456,49.3394],[12.8861,49.3469],[12.8931,49.3311],[12.8878,49.3278],[12.8036,49.3378],[12.5978,49.5275],[12.5547,49.6167],[12.5156,49.6794],[12.5089,49.6825],[12.4761,49.6908],[12.4675,49.7822],[12.5456,49.9156],[12.4711,49.9858],[12.3075,50.0475],[12.2061,50.1062],[12.1964,50.1439],[12.2086,50.1694],[12.1208,50.3094],[12.1772,50.3181],[12.3256,50.2361],[12.3986,50.3092],[12.5122,50.3911],[12.5186,50.3939],[12.7683,50.4442],[12.8189,50.4544],[12.8997,50.4244],[12.9389,50.4089],[12.9919,50.4211],[13.0117,50.4364],[13.0794,50.4981],[13.2228,50.5442],[13.2239,50.5503],[13.4164,50.6106],[13.4586,50.6006],[13.4725,50.6053],[13.5183,50.6378],[13.5411,50.6897],[13.5822,50.7094],[13.7342,50.7308],[13.9044,50.7894],[13.9947,50.8153],[14.1556,50.843],[14.3683,50.935],[14.3228,50.9453],[14.3207,50.9464],[14.3197,50.9469],[14.2561,50.9878],[14.3028,51.0514],[14.5692,51.0056],[14.6314,50.8811],[14.7178,50.8292],[14.7397,50.8239],[14.7764,50.8183],[14.8042,50.8205],[14.8242,50.8819],[14.8278,50.8869],[14.9664,51.0536],[14.9789,51.0783],[15.0097,51.3125],[14.9806,51.3383],[14.9756,51.4408],[14.9211,51.4819],[14.715,51.5547],[14.76,51.6044],[14.7611,51.6172],[14.7564,51.6675],[14.7158,51.6942],[14.6783,51.7142],[14.6633,51.7286],[14.5992,51.8214],[14.6033,51.8411],[14.605,51.8439],[14.6403,51.8622],[14.6481,51.8669],[14.7166,51.9411],[14.7608,52.0699],[14.6925,52.2544],[14.6017,52.2711],[14.5344,52.3978],[14.5461,52.4269],[14.6414,52.57],[14.6403,52.5725],[14.5278,52.6361],[14.5058,52.6414],[14.4483,52.6753],[14.3489,52.7517],[14.1492,52.8628],[14.2219,52.9875],[14.2997,53.0214],[14.3525,53.0528],[14.3917,53.1442],[14.4128,53.3044],[14.4131,53.3303],[14.4133,53.339],[14.2756,53.6991],[13.8131,53.8453],[13.8669,53.905],[13.7183,54.1697],[13.4558,54.0961],[13.1178,54.2753],[13.0239,54.3997],[12.5819,54.3683],[12.3856,54.2567],[12.4656,54.3958],[12.9231,54.4239],[12.5269,54.4742],[12.1297,54.1911],[11.6761,54.15],[11.4128,53.9197],[11.0947,54.0136],[10.8185,53.8901],[10.8839,53.9833],[10.7581,54.0519],[11.0931,54.1975],[11.0739,54.3764],[10.9794,54.3806],[10.7067,54.3069],[10.1269,54.4897],[9.8703,54.4544],[10.0325,54.5553],[9.9728,54.7611],[9.4454,54.8254],[9.2536,54.8089],[8.9411,54.9055],[8.6645,54.9131]]],[[[8.6786,47.6933],[8.7097,47.7069],[8.7083,47.7105],[8.6989,47.7136],[8.6706,47.7111],[8.6786,47.6933]]],[[[6.9394,53.6694],[7.0883,53.6842],[6.8764,53.6703],[6.9394,53.6694]]],[[[7.2425,53.7044],[7.3469,53.7211],[7.1358,53.7061],[7.2425,53.7044]]],[[[11.4592,53.9611],[11.4886,54.023],[11.375,53.9917],[11.4592,53.9611]]],[[[14.0013,54.0654],[13.7639,54.1644],[13.8575,54.0003],[13.9296,54.0632],[14.056,53.9849],[13.8269,53.8508],[14.2189,53.869],[14.0013,54.0654]]],[[[8.8931,54.4619],[8.9606,54.5192],[8.8169,54.5031],[8.8931,54.4619]]],[[[11.3128,54.4069],[11.2292,54.5047],[11.0647,54.5342],[11.021,54.4388],[11.3128,54.4069]]],[[[8.6628,54.4942],[8.7028,54.5539],[8.5911,54.5278],[8.6628,54.4942]]],[[[13.3831,54.6389],[13.4378,54.6797],[13.2447,54.6567],[13.2447,54.5592],[13.3747,54.6101],[13.5031,54.4931],[13.3674,54.5804],[13.304,54.5503],[13.147,54.5456],[13.2675,54.3825],[13.1172,54.3394],[13.3931,54.2214],[13.3567,54.273],[13.5044,54.3417],[13.6894,54.3483],[13.715,54.2717],[13.7439,54.3311],[13.5778,54.4539],[13.6767,54.5653],[13.4334,54.5778],[13.3831,54.6389]]],[[[8.3644,54.6133],[8.3539,54.7117],[8.2944,54.6667],[8.3644,54.6133]]],[[[8.5678,54.6853],[8.5819,54.7469],[8.4064,54.7294],[8.5678,54.6853]]]]},"properties":{"name":"Germany","iso2":"DE","iso3":"DEU"}},
{"type":"Feature","geometry":{"type":"MultiPolygon","coordinates":[[[[20.01,39.6912],[20.1886,39.6192],[20.2903,39.3267],[20.4803,39.2736],[20.7319,38.9525],[20.8292,38.9583],[20.7575,39.0206],[20.8217,39.1144],[21.15,39.0019],[21.0869,38.8639],[21.0297,38.9305],[20.7811,38.9317],[20.7322,38.8011],[20.9894,38.67],[21.1478,38.3042],[21.3505,38.4328],[21.5333,38.3122],[21.9478,38.4094],[22.3786,38.3342],[22.4033,38.4481],[22.7814,38.2333],[23.1161,38.2111],[23.2261,38.1531],[23.1689,38.0744],[22.8547,38.0347],[22.9789,37.9822],[22.8681,37.938],[22.6522,38.0761],[21.8583,38.3408],[21.6417,38.1589],[21.3844,38.2114],[21.3158,38.0289],[21.1275,37.9369],[21.1064,37.8467],[21.2936,37.7786],[21.6497,37.4419],[21.6947,37.3053],[21.5642,37.1525],[21.7119,36.9444],[21.7044,36.8153],[21.8222,36.805],[21.8814,36.7203],[21.9617,36.7981],[21.9375,36.9878],[22.1528,37.0217],[22.4889,36.3861],[22.4825,36.6061],[22.6342,36.8044],[22.7856,36.7986],[22.9697,36.5211],[23.1983,36.4319],[23.0339,36.6322],[23.0322,36.7328],[23.1142,36.7747],[22.7258,37.5683],[23.1289,37.4481],[23.0664,37.3586],[23.1772,37.2906],[23.2706,37.4008],[23.5136,37.4294],[23.4058,37.5883],[23.3264,37.6067],[23.3286,37.5317],[23.1622,37.6167],[23.1036,37.8417],[22.9914,37.8806],[23.5156,38.0406],[23.5861,38.0389],[23.5594,37.9692],[24.0344,37.6517],[24.0903,37.7786],[24.0056,38.0678],[24.0739,38.1969],[23.9267,38.295],[23.6756,38.3486],[23.5347,38.4994],[23.335,38.5381],[23.3161,38.6453],[23.1133,38.6275],[22.9536,38.7517],[22.5233,38.8572],[22.6119,38.9089],[22.8331,38.8911],[23.0728,39.0369],[22.8247,39.2069],[22.9378,39.3586],[23.1197,39.3064],[23.2211,39.185],[23.0581,39.0939],[23.345,39.1781],[23.2586,39.3317],[22.9294,39.5844],[22.7097,39.9547],[22.595,40.0122],[22.5825,40.4633],[22.8658,40.6386],[22.9414,40.6306],[22.9811,40.5447],[22.8436,40.475],[22.8994,40.3967],[23.3056,40.2292],[23.3794,39.9928],[23.71,39.9119],[23.3681,40.1439],[23.3303,40.2136],[23.3883,40.2756],[23.6711,40.2183],[23.9322,39.9431],[24.0139,40.0069],[23.9922,40.1111],[23.7739,40.1961],[23.6911,40.2978],[23.7278,40.3506],[23.9242,40.3639],[24.1594,40.2819],[24.3011,40.12],[24.3983,40.1519],[24.1819,40.3472],[23.8742,40.4067],[23.6903,40.6731],[23.7353,40.755],[23.8461,40.7872],[24.0842,40.7161],[24.3158,40.8289],[24.3981,40.9369],[24.5614,40.9519],[24.6275,40.8586],[24.8013,40.852],[25.1381,41.0114],[25.1764,40.9419],[26.0228,40.8297],[26.0447,40.7358],[26.3594,40.9519],[26.325,41.2347],[26.6339,41.3544],[26.5703,41.6114],[26.3611,41.7111],[26.2772,41.71],[26.2348,41.74],[26.1631,41.7467],[26.0744,41.7119],[26.0658,41.6858],[26.0686,41.6603],[26.1031,41.6272],[26.1175,41.6286],[26.1347,41.6322],[26.1981,41.4394],[26.14,41.3547],[25.8867,41.3092],[25.5678,41.3222],[25.345,41.2505],[25.2394,41.2544],[25.1631,41.3175],[25.0612,41.3626],[24.8989,41.4119],[24.8459,41.4073],[24.8194,41.405],[24.8175,41.4025],[24.8125,41.3783],[24.8094,41.3522],[24.6089,41.4322],[24.5675,41.4894],[24.5644,41.5033],[24.3078,41.5464],[24.2694,41.57],[24.2153,41.555],[24.1572,41.5411],[24.0975,41.5511],[24.065,41.5244],[23.9744,41.4406],[23.8864,41.4519],[23.6358,41.3781],[23.5511,41.3917],[23.2853,41.4047],[23.2283,41.375],[23.2303,41.3533],[22.9356,41.3421],[22.9264,41.343],[22.8039,41.3469],[22.7722,41.3244],[22.7597,41.3094],[22.7653,41.2967],[22.7436,41.1633],[22.7419,41.1592],[22.5856,41.1194],[22.3433,41.1344],[22.2567,41.1714],[21.9806,41.1336],[21.7922,40.9328],[21.5797,40.8722],[21.5736,40.8731],[21.5136,40.9106],[21.3997,40.9069],[21.3686,40.8783],[21.1508,40.8575],[20.9835,40.8559],[21.0208,40.7156],[21.0467,40.6858],[21.0531,40.6733],[21.0531,40.6186],[21.0414,40.5619],[20.9456,40.4669],[20.9142,40.4631],[20.8333,40.4622],[20.7872,40.3947],[20.7403,40.3092],[20.7131,40.2783],[20.7147,40.2553],[20.7214,40.2272],[20.7211,40.2231],[20.6653,40.0942],[20.6214,40.0853],[20.5558,40.0664],[20.4769,40.0661],[20.4386,40.0681],[20.3161,39.9933],[20.3381,39.9217],[20.4122,39.8433],[20.4153,39.8369],[20.4122,39.8158],[20.4019,39.7992],[20.3761,39.7875],[20.2947,39.8086],[20.2894,39.8031],[20.3181,39.74],[20.3175,39.7261],[20.2183,39.6464],[20.0986,39.6739],[20.0211,39.6975],[20.01,39.6912]]],[[[24.1286,34.8567],[24.0447,34.85],[24.1286,34.8089],[24.1286,34.8567]]],[[[26.9006,35.3589],[27.02,35.4308],[26.8981,35.42],[26.8497,35.3722],[26.9006,35.3589]]],[[[23.8586,35.5217],[23.7875,35.5483],[23.7486,35.6864],[23.7189,35.5075],[23.6183,35.5178],[23.6064,35.6133],[23.52,35.3019],[23.5867,35.2358],[24.3856,35.1908],[24.5656,35.0981],[24.7231,35.0906],[24.7528,34.9422],[25.9875,35.0331],[26.1197,34.9928],[26.2375,35.0336],[26.2906,35.1311],[26.3011,35.2831],[25.8081,35.1081],[25.7108,35.1711],[25.7667,35.3347],[25.4453,35.2917],[24.7889,35.4089],[24.3197,35.3517],[24.1026,35.4884],[24.1872,35.51],[24.1722,35.5906],[23.8586,35.5217]]],[[[27.1575,35.4458],[27.2281,35.8264],[27.0661,35.605],[27.1422,35.3997],[27.1575,35.4458]]],[[[23.0494,36.1369],[23.1072,36.2439],[22.9517,36.3861],[22.9122,36.1994],[23.0494,36.1369]]],[[[25.8389,36.3481],[25.7711,36.4019],[25.7303,36.3697],[25.8389,36.3481]]],[[[27.7867,35.8905],[28.1228,36.1858],[28.2192,36.4569],[27.8958,36.3322],[27.7197,36.1661],[27.7192,35.9408],[27.7867,35.8905]]],[[[27.4003,36.3725],[27.4458,36.4086],[27.3031,36.4692],[27.4003,36.3725]]],[[[25.4578,36.3336],[25.4864,36.4081],[25.3825,36.4772],[25.4301,36.3968],[25.3849,36.3446],[25.4578,36.3336]]],[[[26.3422,36.5064],[26.4722,36.58],[26.3856,36.6405],[26.2608,36.5883],[26.3422,36.5064]]],[[[27.8547,36.5272],[27.8597,36.6503],[27.765,36.575],[27.8547,36.5272]]],[[[24.4136,36.6603],[24.538,36.675],[24.5481,36.7594],[24.3492,36.7461],[24.3247,36.6528],[24.4136,36.6603]]],[[[25.3856,36.6517],[25.4072,36.7178],[25.2792,36.7833],[25.2586,36.7289],[25.3856,36.6517]]],[[[25.8267,36.7797],[25.9619,36.8894],[25.7369,36.7844],[25.8267,36.7797]]],[[[26.9658,36.6817],[26.9806,36.7469],[27.3467,36.8811],[27.0608,36.8372],[26.9178,36.7553],[26.9658,36.6817]]],[[[25.0767,36.9519],[25.0839,37.0425],[25.0236,36.9991],[25.0767,36.9519]]],[[[24.7119,36.9031],[24.7653,36.9583],[24.6411,37.0422],[24.7119,36.9031]]],[[[26.9756,36.9244],[27.0483,36.9936],[26.8908,37.0764],[26.9756,36.9244]]],[[[25.2503,37.0083],[25.2844,37.1283],[25.2236,37.1408],[25.0983,37.0275],[25.1914,36.9739],[25.2503,37.0083]]],[[[26.8867,37.0967],[26.8583,37.1811],[26.7808,37.19],[26.8867,37.0967]]],[[[25.4614,36.9194],[25.5803,37.0155],[25.5447,37.198],[25.3411,37.075],[25.4614,36.9194]]],[[[24.535,37.1825],[24.4603,37.1958],[24.4147,37.1272],[24.5092,37.1128],[24.535,37.1825]]],[[[24.3794,37.3058],[24.4833,37.398],[24.4428,37.4817],[24.3686,37.4272],[24.3794,37.3058]]],[[[25.3592,37.4078],[25.4636,37.4697],[25.3139,37.488],[25.3592,37.4078]]],[[[24.9525,37.3856],[24.8897,37.5125],[24.8844,37.3636],[24.9525,37.3856]]],[[[25.2283,37.5344],[25.2389,37.6219],[24.9758,37.6756],[25.1139,37.5511],[25.2283,37.5344]]],[[[24.2986,37.5264],[24.3972,37.6192],[24.3703,37.6822],[24.2761,37.6172],[24.2986,37.5264]]],[[[26.0208,37.5144],[26.215,37.5589],[26.3611,37.6867],[26.0681,37.6319],[25.9747,37.5314],[26.0208,37.5144]]],[[[23.5131,37.6917],[23.5639,37.7628],[23.4256,37.7625],[23.5131,37.6917]]],[[[27.0694,37.7119],[27.0286,37.7717],[26.7486,37.8114],[26.5717,37.7306],[26.5972,37.675],[26.7114,37.7083],[26.8181,37.6367],[27.0694,37.7119]]],[[[20.8981,37.8053],[20.6997,37.9303],[20.6219,37.8608],[20.8311,37.6464],[20.8703,37.7261],[20.9944,37.6986],[20.8981,37.8053]]],[[[24.7917,37.9983],[24.6922,37.9594],[24.7133,37.8728],[24.9603,37.6856],[24.9628,37.8725],[24.7917,37.9983]]],[[[23.4625,37.8786],[23.5461,37.9297],[23.5244,37.9936],[23.4375,37.9858],[23.4056,37.8953],[23.4625,37.8786]]],[[[20.6125,38.3942],[20.5392,38.4706],[20.5364,38.3447],[20.3986,38.3256],[20.3414,38.1772],[20.7925,38.0603],[20.8133,38.1183],[20.6125,38.3942]]],[[[20.7356,38.31],[20.6489,38.5003],[20.6447,38.398],[20.7356,38.31]]],[[[26.0256,38.1769],[26.1603,38.3014],[26.1594,38.5444],[25.87,38.5864],[25.8272,38.5361],[25.9917,38.3439],[25.8625,38.2414],[26.0256,38.1769]]],[[[25.6,38.5319],[25.6133,38.59],[25.5319,38.6019],[25.6,38.5319]]],[[[20.6436,38.5811],[20.7231,38.6264],[20.7014,38.8347],[20.5578,38.6839],[20.5436,38.5644],[20.6436,38.5811]]],[[[24.6831,38.7981],[24.4608,38.9656],[24.5533,38.7683],[24.6831,38.7981]]],[[[23.4619,38.8533],[23.2925,39.0389],[22.8303,38.8253],[23.1961,38.8328],[23.5986,38.57],[23.6422,38.4189],[24.0497,38.3919],[24.3872,37.9936],[24.5642,37.9872],[24.5686,38.1475],[24.3389,38.1586],[24.2472,38.2319],[24.1539,38.6467],[23.8467,38.6822],[23.4619,38.8533]]],[[[23.7367,39.0747],[23.7867,39.1242],[23.5939,39.2067],[23.6628,39.0861],[23.7367,39.0747]]],[[[23.5086,39.1597],[23.4614,39.2083],[23.3936,39.145],[23.5086,39.1597]]],[[[26.3772,39.2736],[26.42,39.3258],[26.2217,39.383],[26.1692,39.3236],[25.9078,39.2869],[25.8322,39.1836],[26.0681,39.0844],[26.1653,39.1911],[26.2617,39.2025],[26.2769,39.1564],[26.0892,39.0722],[26.3239,38.9778],[26.5253,38.9742],[26.6122,39.0442],[26.3772,39.2736]]],[[[24.9925,39.4664],[25.0536,39.5308],[25.0064,39.5633],[24.9925,39.4664]]],[[[19.9261,39.7944],[19.6731,39.7931],[19.6414,39.7444],[19.8803,39.4464],[20.1117,39.3631],[20.0717,39.4536],[19.9319,39.4717],[19.8467,39.6492],[19.9261,39.7944]]],[[[25.4417,40.0047],[25.05,39.9897],[25.0608,39.8481],[25.2231,39.7994],[25.1786,39.8467],[25.2597,39.9136],[25.3558,39.7864],[25.3364,39.8761],[25.4417,40.0047]]],[[[25.6017,40.398],[25.695,40.4247],[25.6572,40.493],[25.4439,40.4758],[25.6017,40.398]]],[[[24.7733,40.6317],[24.7614,40.7492],[24.6453,40.7978],[24.5094,40.6581],[24.6436,40.5708],[24.7733,40.6317]]]]},"properties":{"name":"Greece","iso2":"GR","iso3":"GRC"}},
{"type":"Feature","geometry":{"type":"MultiPolygon","coordinates":[[[[19.0397,44.8614],[19.0286,44.8803],[19.0047,44.9003],[19.0044,44.9044],[19.0136,44.9167],[19.0367,44.9325],[19.1156,45.0319],[19.1636,45.2122],[19.1875,45.2169],[19.2183,45.2083],[19.2617,45.1803],[19.4111,45.175],[19.4228,45.18],[19.4239,45.2258],[19.4183,45.2347],[19.3567,45.2342],[19.2605,45.2474],[19.1902,45.2703],[18.9781,45.3897],[18.9977,45.4875],[19.0575,45.4856],[19.0948,45.4938],[19.1,45.5159],[19.0247,45.5614],[18.9553,45.5372],[18.933,45.5419],[18.9025,45.5703],[18.9072,45.6133],[18.9095,45.6208],[18.9392,45.6308],[18.9606,45.6542],[18.9692,45.6675],[18.9575,45.7819],[18.9244,45.8119],[18.8331,45.8739],[18.8317,45.8771],[18.8075,45.9028],[18.6147,45.8458],[18.5953,45.8256],[18.4433,45.7528],[18.4075,45.7483],[18.2428,45.7683],[18.2308,45.7783],[18.2019,45.7833],[18.1533,45.7872],[17.8808,45.7839],[17.66,45.8383],[17.6261,45.9058],[17.5917,45.9322],[17.4586,45.9544],[17.4317,45.9372],[17.4181,45.9347],[17.2569,46.0172],[17.2586,46.023],[17.23,46.0972],[17.1575,46.1778],[17.1539,46.18],[16.9378,46.2495],[16.9197,46.26],[16.8806,46.3045],[16.879,46.3086],[16.8661,46.3558],[16.8406,46.37],[16.5993,46.475],[16.5847,46.4731],[16.5178,46.4916],[16.4981,46.5014],[16.4958,46.5075],[16.4936,46.5106],[16.4614,46.5217],[16.3356,46.5339],[16.2583,46.5069],[16.2519,46.4989],[16.25,46.4861],[16.2661,46.4194],[16.0794,46.35],[16.0833,46.3342],[16.0172,46.2981],[15.6767,46.2267],[15.6492,46.2139],[15.6119,46.1669],[15.5997,46.1425],[15.6294,46.0869],[15.6364,46.0822],[15.6792,46.0658],[15.7069,46.0575],[15.7147,46.0536],[15.7194,46.0389],[15.6508,45.8231],[15.6203,45.8422],[15.3225,45.7614],[15.3092,45.7519],[15.2833,45.6947],[15.3656,45.7097],[15.3526,45.6518],[15.3064,45.5348],[15.1745,45.4258],[15.1506,45.4319],[14.9186,45.4931],[14.8317,45.4655],[14.7236,45.5314],[14.6156,45.6172],[14.6122,45.6642],[14.6097,45.6719],[14.565,45.665],[14.4858,45.5297],[14.4072,45.4892],[14.3875,45.4853],[13.9958,45.4719],[13.6789,45.445],[13.4964,45.4908],[13.6031,45.1578],[13.8992,44.7744],[14.1669,44.9814],[14.2928,45.325],[14.4828,45.3111],[14.8425,45.1117],[14.9208,44.9669],[14.8886,44.7125],[15.0008,44.5686],[15.5297,44.2631],[15.2689,44.3304],[15.2894,44.2472],[15.1208,44.2781],[15.1517,44.1964],[15.4519,43.9256],[15.9408,43.6836],[15.9156,43.5714],[15.9883,43.5044],[16.1058,43.4756],[16.4653,43.5389],[16.64,43.4403],[16.8844,43.4031],[17.5192,42.9519],[17.6683,42.9605],[17.6808,42.9928],[17.6431,43.0639],[17.3094,43.2706],[17.2856,43.3072],[17.2772,43.3328],[17.2703,43.4364],[17.2694,43.4519],[17.2478,43.4683],[17.1603,43.4978],[17.0714,43.5264],[16.9558,43.6033],[16.8297,43.7256],[16.7072,43.8411],[16.6967,43.8561],[16.5372,44.0136],[16.5161,44.0219],[16.4636,44.0267],[16.4156,44.0433],[16.3389,44.0933],[16.3225,44.1222],[16.3094,44.1486],[16.2803,44.1769],[16.2381,44.1983],[16.16,44.1928],[16.1981,44.3536],[16.0106,44.6169],[15.9617,44.6939],[15.9439,44.7086],[15.9394,44.7105],[15.875,44.7103],[15.7675,44.7761],[15.7422,44.8036],[15.7364,44.8169],[15.765,45.0564],[15.7867,45.1719],[15.7942,45.18],[15.8111,45.1955],[15.8233,45.2053],[15.925,45.2281],[16.0153,45.2183],[16.0361,45.2058],[16.1972,45.0444],[16.2097,45.0344],[16.2918,44.9991],[16.3427,45.0009],[16.4178,45.1243],[16.5264,45.2244],[16.6297,45.2208],[16.6628,45.2103],[16.846,45.1944],[16.8469,45.1985],[16.9139,45.2659],[17.1772,45.1486],[17.1883,45.148],[17.2467,45.1531],[17.4844,45.118],[17.5964,45.1089],[17.8328,45.0555],[18.0703,45.1044],[18.12,45.0833],[18.1303,45.0822],[18.1792,45.0778],[18.2056,45.085],[18.2181,45.0953],[18.2103,45.1147],[18.2114,45.1233],[18.2331,45.1358],[18.2697,45.1367],[18.6342,45.0833],[18.7958,44.99],[18.8008,44.9497],[18.7806,44.9403],[18.7681,44.9158],[18.7942,44.895],[18.85,44.8608],[18.9572,44.8531],[18.9683,44.8536],[19.0297,44.8603],[19.0397,44.8614]]],[[[17.6878,42.9217],[17.6617,42.8747],[17.0042,43.0467],[17.8772,42.7678],[18.5242,42.3967],[18.5032,42.4494],[18.4664,42.4778],[18.4533,42.5125],[18.4533,42.5211],[18.3975,42.6144],[18.2686,42.6183],[18.2319,42.6422],[18.1606,42.695],[17.96,42.7792],[17.8828,42.8192],[17.8411,42.8703],[17.7975,42.9039],[17.6878,42.9217]]],[[[16.9039,42.7261],[16.9328,42.7725],[16.8183,42.7756],[16.9039,42.7261]]],[[[16.8206,42.96],[16.6331,42.9811],[16.7077,42.957],[16.6609,42.9213],[16.8661,42.8978],[17.1836,42.9186],[17.0447,42.9753],[16.8206,42.96]]],[[[16.2083,43.0222],[16.2519,43.0725],[16.0506,43.063],[16.0644,43.0106],[16.2083,43.0222]]],[[[16.562,43.2308],[16.5821,43.184],[16.3731,43.1942],[16.6542,43.1197],[17.1901,43.1261],[16.7196,43.1617],[16.562,43.2308]]],[[[16.8517,43.2692],[16.8867,43.3172],[16.8053,43.3522],[16.4264,43.3892],[16.4081,43.3192],[16.4878,43.2853],[16.8517,43.2692]]],[[[15.3464,43.8089],[15.2275,43.8761],[15.3767,43.7759],[15.3464,43.8089]]],[[[14.8553,44.1753],[14.8214,44.146],[15.1942,43.8711],[15.2228,43.9075],[14.8553,44.1753]]],[[[14.8387,44.6095],[14.735,44.7003],[14.9072,44.4809],[15.117,44.3788],[15.1325,44.3078],[15.2192,44.3058],[15.2406,44.3503],[14.916,44.5509],[15.0722,44.4772],[15.04,44.5256],[14.8387,44.6095]]],[[[14.5219,44.4742],[14.3375,44.7103],[14.3675,44.5903],[14.5219,44.4742]]],[[[14.7573,44.8038],[14.7236,44.8533],[14.6593,44.7947],[14.8653,44.7067],[14.7573,44.8038]]],[[[14.4551,44.9097],[14.3153,45.175],[14.2753,45.1033],[14.4003,44.9153],[14.3088,44.9473],[14.2941,44.9072],[14.4881,44.6058],[14.4551,44.9097]]],[[[14.7558,44.9414],[14.8133,44.9878],[14.5525,45.2483],[14.4289,45.0783],[14.7558,44.9414]]]]},"properties":{"name":"Croatia","iso2":"HR","iso3":"HRV"}},
{"type":"Feature","geometry":{"type":"Polygon","coordinates":[[[16.1118,46.8697],[16.3461,46.8469],[16.3242,46.7572],[16.6079,46.4762],[16.8406,46.37],[16.8661,46.3558],[16.879,46.3086],[16.8806,46.3045],[16.9197,46.26],[16.9378,46.2495],[17.1539,46.18],[17.1575,46.1778],[17.23,46.0972],[17.2586,46.023],[17.2569,46.0172],[17.4181,45.9347],[17.4317,45.9372],[17.4586,45.9544],[17.5917,45.9322],[17.6261,45.9058],[17.66,45.8383],[17.8808,45.7839],[18.1533,45.7872],[18.2019,45.7833],[18.2308,45.7783],[18.2428,45.7683],[18.4075,45.7483],[18.4433,45.7528],[18.5953,45.8256],[18.6147,45.8458],[18.8075,45.9028],[18.817,45.913],[19.0964,46.0244],[19.2864,45.9894],[19.5706,46.1736],[20.1122,46.1675],[20.261,46.1149],[20.487,46.1811],[20.6247,46.1303],[20.8203,46.2747],[21.0594,46.2392],[21.1767,46.2956],[21.3267,46.62],[21.5219,46.7128],[21.5197,46.8153],[21.6958,47.0008],[21.6511,47.0297],[22.0097,47.3808],[22.0153,47.5144],[22.2769,47.7286],[22.4544,47.7964],[22.6536,47.7764],[22.7744,47.8364],[22.7828,47.8492],[22.8948,47.9545],[22.8592,47.9939],[22.8869,48.0367],[22.88,48.0497],[22.8508,48.08],[22.7936,48.1167],[22.7378,48.1144],[22.6506,48.0933],[22.6435,48.0953],[22.6025,48.1158],[22.5972,48.1478],[22.5,48.2494],[22.4897,48.2517],[22.4847,48.2505],[22.3478,48.275],[22.2694,48.3969],[22.2714,48.4042],[22.2172,48.4186],[22.1717,48.4091],[22.1514,48.4119],[22.1506,48.4086],[22.1108,48.3803],[22.1017,48.3772],[21.7775,48.3408],[21.4428,48.5753],[21.1533,48.5111],[20.6606,48.5633],[20.5008,48.5044],[20.2997,48.2586],[19.9378,48.1353],[19.6306,48.2339],[19.5242,48.2058],[19.4722,48.0872],[18.8491,48.0511],[18.7589,47.9075],[18.8497,47.8178],[18.6553,47.7586],[17.7844,47.7468],[17.3406,47.9975],[17.1664,48.0125],[17.0539,47.7094],[16.7619,47.6853],[16.6356,47.7603],[16.4506,47.6981],[16.7139,47.5439],[16.5925,47.4253],[16.4519,47.4153],[16.4917,47.28],[16.4206,47.2092],[16.5106,47.0067],[16.3028,47.0114],[16.1118,46.8697]]]},"properties":{"name":"Hungary","iso2":"HU","iso3":"HUN"}},
{"type":"Feature","geometry":{"type":"Polygon","coordinates":[[[-15.0708,66.1436],[-14.9364,66.203],[-15.0067,66.2747],[-14.7108,66.3672],[-14.9436,66.3789],[-15.3819,66.1428],[-15.6914,66.2242],[-15.7097,66.3972],[-16.0219,66.5361],[-16.5278,66.508],[-16.4169,66.2708],[-16.6886,66.1594],[-16.5947,66.0911],[-17.1311,66.2105],[-17.4194,65.9844],[-17.6092,65.9875],[-17.9128,66.1456],[-18.2994,66.1747],[-18.0694,65.6433],[-18.2833,65.9086],[-18.5361,65.9697],[-18.5481,66.0817],[-18.7842,66.1911],[-19.0647,66.1625],[-19.0797,66.0775],[-19.4531,66.0564],[-19.4517,65.7258],[-19.6356,65.7469],[-20.1792,66.1294],[-20.4244,66.0831],[-20.2631,65.7236],[-20.4467,65.495],[-20.6442,65.5433],[-20.6822,65.6917],[-20.9431,65.5775],[-20.9775,65.4308],[-21.0947,65.4525],[-21.0844,65.1592],[-21.3089,65.5969],[-21.6483,65.6511],[-21.7778,65.7658],[-21.5892,65.688],[-21.3378,65.7333],[-21.2886,65.9253],[-21.6031,65.9533],[-21.3994,66.0272],[-21.6186,66.0605],[-21.6514,66.0189],[-21.7664,66.1858],[-21.9697,66.2728],[-22.2025,66.2719],[-22.4217,66.4333],[-23.0783,66.4367],[-23.1902,66.3559],[-23.0733,66.31],[-22.4342,66.2678],[-22.9722,66.2214],[-22.5,66.077],[-22.4356,65.8389],[-22.4997,65.9661],[-22.6528,65.8275],[-22.5767,65.9633],[-22.6778,66.045],[-22.8097,65.9942],[-23.4736,66.1992],[-23.6656,66.1111],[-23.3711,65.9867],[-23.7672,66.0705],[-23.8161,66.0094],[-23.2133,65.8375],[-23.7933,65.9194],[-23.8731,65.8667],[-23.5822,65.7542],[-23.1922,65.7758],[-23.5372,65.7194],[-23.3436,65.6661],[-23.5272,65.6278],[-24.1006,65.8075],[-24.0728,65.6992],[-23.8033,65.6078],[-24.0678,65.6289],[-23.8056,65.5305],[-24.3178,65.6375],[-24.5422,65.4978],[-24.1833,65.4964],[-23.8794,65.4025],[-23.2292,65.4828],[-23.1503,65.5478],[-22.4736,65.5047],[-22.1086,65.595],[-22.3322,65.4895],[-22.2878,65.4414],[-21.9931,65.5011],[-21.6986,65.4492],[-22.3536,65.2892],[-22.5614,65.1711],[-22.0706,65.1047],[-21.7422,65.2019],[-21.8358,65.0303],[-23.19,65.0158],[-23.6494,64.8922],[-24.0595,64.8909],[-23.8403,64.7261],[-23.3922,64.823],[-22.4072,64.8125],[-22.355,64.5611],[-22.1708,64.4539],[-21.7011,64.6278],[-21.5081,64.6456],[-21.6803,64.6178],[-21.4969,64.5661],[-21.7022,64.608],[-21.9789,64.5008],[-22.1025,64.3144],[-21.9386,64.3044],[-21.6778,64.4011],[-21.3628,64.385],[-21.7592,64.3403],[-21.88,64.2322],[-21.6994,64.1789],[-21.9733,64.1569],[-21.9147,64.1069],[-22.0456,64.0467],[-22.5231,63.9781],[-22.7033,64.0808],[-22.6892,63.8056],[-22.3261,63.8606],[-21.6189,63.8239],[-21.2575,63.9433],[-21.0536,63.945],[-21.1797,63.8778],[-20.8464,63.7906],[-20.6739,63.8472],[-20.6508,63.7289],[-20.4433,63.7833],[-20.3619,63.7617],[-20.3108,63.7297],[-20.4772,63.7681],[-20.5412,63.7071],[-20.1969,63.5425],[-18.71,63.3911],[-17.9333,63.5283],[-17.8606,63.6025],[-17.9733,63.6686],[-17.8697,63.7319],[-17.0233,63.7939],[-16.9667,63.9172],[-16.8053,63.8264],[-16.4886,63.8958],[-16.0156,64.1333],[-15.3886,64.2753],[-15.3833,64.3719],[-14.9606,64.2536],[-14.71,64.4078],[-14.5392,64.4061],[-14.4599,64.547],[-14.5842,64.5867],[-14.3659,64.6741],[-14.5111,64.7975],[-14.2503,64.6892],[-14.0181,64.7236],[-14.0414,64.7858],[-13.7653,64.8614],[-14.0508,64.9339],[-13.7,64.9225],[-13.9881,65.0639],[-13.6786,64.9822],[-13.4994,65.0692],[-13.6222,65.1925],[-14.0347,65.1931],[-13.5703,65.2594],[-13.7394,65.3144],[-13.6114,65.51],[-13.8639,65.6114],[-14.2836,65.6564],[-14.5636,65.495],[-14.3131,65.6697],[-14.3367,65.7831],[-14.8483,65.7314],[-14.6189,65.9944],[-14.7306,66.0661],[-15.0114,66.05],[-15.1769,66.108],[-15.0708,66.1436]]]},"properties":{"name":"Iceland","iso2":"IS","iso3":"ISL"}},
{"type":"Feature","geometry":{"type":"MultiPolygon","coordinates":[[[[10.4712,46.8714],[10.4708,46.6358],[10.4867,46.6153],[10.4853,46.5906],[10.4497,46.5392],[10.3017,46.5558],[10.2453,46.5911],[10.2536,46.6222],[10.2386,46.6389],[10.1811,46.6322],[10.0447,46.5072],[10.0467,46.4458],[10.0556,46.4383],[10.0672,46.4325],[10.1539,46.3903],[10.1725,46.2572],[10.0572,46.2281],[9.9825,46.3314],[9.9914,46.3467],[9.9936,46.3544],[9.9847,46.3619],[9.905,46.383],[9.7706,46.3422],[9.7083,46.2983],[9.6969,46.2972],[9.5472,46.3055],[9.4503,46.4267],[9.455,46.4725],[9.2969,46.5039],[9.25,46.4403],[9.2569,46.4314],[9.2806,46.4233],[9.2969,46.3531],[9.2933,46.3267],[9.2434,46.2367],[9.1894,46.1867],[9.1586,46.1717],[9.0358,46.0572],[8.9981,45.9769],[9.0175,45.9442],[9.025,45.9358],[9.0794,45.9158],[9.0856,45.9019],[9.0839,45.8956],[8.9983,45.8294],[8.9361,45.8689],[8.9367,45.8728],[8.9267,45.9008],[8.8956,45.9558],[8.8131,45.9886],[8.85,46.0544],[8.8525,46.0569],[8.8467,46.0792],[8.8353,46.0894],[8.8183,46.1006],[8.7472,46.1211],[8.6178,46.1203],[8.4456,46.2458],[8.435,46.2953],[8.4475,46.3233],[8.4658,46.368],[8.4661,46.3772],[8.4475,46.4619],[8.4303,46.4631],[8.3,46.4197],[8.1583,46.1889],[8.1594,46.1808],[8.1503,46.1531],[8.0086,46.0083],[7.8767,45.9725],[7.8557,45.9191],[7.8483,45.9188],[7.7433,45.9322],[7.6475,45.9811],[7.3389,45.9206],[7.2956,45.9231],[7.1886,45.8792],[7.1831,45.8792],[7.105,45.8822],[7.0994,45.8836],[7.0778,45.8969],[7.0381,45.9319],[6.799,45.7807],[7.1469,45.4305],[7.1278,45.2578],[6.6198,45.1101],[6.7469,44.9194],[7.0317,44.8314],[6.8528,44.5408],[6.8769,44.3767],[6.9764,44.2842],[7.3533,44.1311],[7.6622,44.1708],[7.7083,44.0794],[7.495,43.8817],[7.5281,43.7886],[8.0678,43.8931],[8.4494,44.2878],[8.7489,44.4292],[9.2336,44.3464],[9.715,44.1147],[10.0908,44.0186],[10.2392,43.8744],[10.3231,43.4753],[10.5222,43.2492],[10.5314,43.0447],[11.1581,42.555],[11.1808,42.4758],[11.0989,42.3931],[11.3747,42.405],[11.6231,42.3017],[11.8283,42.0294],[12.1169,41.9275],[12.5761,41.5072],[12.8922,41.3956],[13.0319,41.2553],[13.2942,41.2956],[13.7131,41.2514],[14.0739,40.8219],[14.2667,40.8417],[14.4581,40.7428],[14.3273,40.573],[14.7769,40.6722],[14.9906,40.3992],[14.9419,40.2342],[15.3558,39.9994],[15.5197,40.0733],[15.6667,40.0308],[16.0344,39.345],[16.1011,39.0194],[16.2225,38.9108],[16.1786,38.745],[15.8328,38.6392],[15.9061,38.4728],[15.7964,38.2825],[15.6306,38.2322],[15.6317,38.0117],[15.7561,37.9208],[16.0625,37.9242],[16.1656,38.1392],[16.5714,38.4314],[16.5319,38.7033],[16.595,38.8008],[16.9294,38.9358],[17.1036,38.8953],[17.1692,38.9633],[17.1089,39.2631],[17.1511,39.39],[16.7414,39.6172],[16.5431,39.6503],[16.4867,39.7675],[16.6078,40.0872],[16.9136,40.4455],[17.0689,40.52],[17.3156,40.4975],[17.2044,40.4072],[17.5094,40.2969],[17.8592,40.2836],[18.015,40.0978],[18.0439,39.9336],[18.3494,39.7919],[18.5122,40.1367],[18.4236,40.2897],[18.0397,40.5536],[18.0117,40.6444],[17.4753,40.8278],[17.1797,41.0314],[15.9817,41.4419],[15.8953,41.6103],[16.19,41.7811],[16.1419,41.9142],[15.1708,41.9233],[14.7397,42.0855],[14.7156,42.1719],[14.5042,42.2614],[14.0167,42.67],[13.6217,43.5539],[12.6817,43.9911],[12.4156,44.1958],[12.2456,44.7158],[12.2856,44.8408],[12.3969,44.7914],[12.4119,44.8994],[12.4422,44.8142],[12.5392,44.9611],[12.1611,45.2639],[12.2814,45.468],[12.48,45.5658],[12.5814,45.5467],[12.4206,45.4311],[13.0861,45.6356],[13.0722,45.7178],[13.1933,45.7781],[13.4111,45.7244],[13.3922,45.6725],[13.55,45.7872],[13.6278,45.7708],[13.8047,45.6136],[13.7169,45.5961],[13.8636,45.5892],[13.9192,45.6375],[13.8353,45.7178],[13.6975,45.7842],[13.6106,45.8055],[13.5958,45.8136],[13.5778,45.8542],[13.5911,45.8892],[13.6117,45.9022],[13.6356,45.9522],[13.6367,45.9853],[13.6322,45.9911],[13.6269,45.9922],[13.5847,45.9925],[13.5806,45.9911],[13.5603,45.9728],[13.5425,45.9675],[13.5169,45.9819],[13.5936,46.1053],[13.6669,46.1703],[13.6692,46.1775],[13.6578,46.1875],[13.4858,46.2325],[13.4161,46.2133],[13.3839,46.2931],[13.3831,46.2972],[13.6578,46.4497],[13.6894,46.4475],[13.7111,46.4928],[13.7189,46.5142],[13.5581,46.5558],[12.8236,46.6322],[12.7689,46.6508],[12.7533,46.6483],[12.7433,46.6414],[12.7281,46.6425],[12.5544,46.6617],[12.3983,46.7083],[12.3017,46.8411],[12.2322,46.8889],[12.1361,46.9669],[12.1272,47.0097],[12.1383,47.0208],[12.1853,47.0289],[12.19,47.03],[12.2044,47.0392],[12.2308,47.0722],[12.2261,47.0867],[12.2217,47.0883],[12.1401,47.0848],[11.7667,46.9789],[11.7558,46.9775],[11.7258,46.98],[11.4839,47.0142],[11.1644,46.9622],[11.0725,46.825],[10.8878,46.7711],[10.7917,46.8014],[10.7644,46.8342],[10.6794,46.8747],[10.6425,46.8689],[10.5664,46.8492],[10.5608,46.8486],[10.4712,46.8714]],[[12.4744,43.8972],[12.4164,43.9047],[12.4078,43.9137],[12.4089,43.955],[12.4506,43.9797],[12.4625,43.9847],[12.4928,43.9892],[12.5103,43.9828],[12.5106,43.9392],[12.4744,43.8972]],[[12.4451,41.9031],[12.4517,41.908],[12.4567,41.9014],[12.4451,41.9031]]],[[[9.8442,43.0344],[9.8231,43.0775],[9.8069,43.0097],[9.8442,43.0344]]],[[[10.4411,42.8444],[10.1042,42.7653],[10.3436,42.765],[10.4231,42.7089],[10.4411,42.8444]]],[[[9.5133,41.1467],[9.1756,41.2458],[8.8103,40.9344],[8.6008,40.8467],[8.3564,40.8361],[8.2283,40.9414],[8.1925,40.9136],[8.1444,40.5922],[8.3011,40.5892],[8.3672,40.4928],[8.4617,40.2267],[8.3947,39.9025],[8.5567,39.8661],[8.5044,39.7256],[8.4428,39.7567],[8.3711,39.3747],[8.4336,39.2892],[8.3661,39.2261],[8.469,39.0957],[8.3453,39.0756],[8.4111,38.9572],[8.5514,39.05],[8.6464,38.8903],[8.7153,38.9236],[8.8555,38.8775],[9.0069,38.9881],[9.0183,39.2664],[9.3217,39.2058],[9.4426,39.1244],[9.5692,39.1506],[9.7136,40.0406],[9.6231,40.2556],[9.8258,40.5261],[9.6128,40.9211],[9.5036,40.9181],[9.6339,40.9892],[9.5133,41.1467]]],[[[8.3392,41.0625],[8.3211,41.1214],[8.2153,40.9925],[8.3392,41.0625]]],[[[13.9514,40.7014],[13.8661,40.7578],[13.8567,40.705],[13.9514,40.7014]]],[[[8.2922,39.0936],[8.3028,39.19],[8.2214,39.1619],[8.2922,39.0936]]],[[[15.5289,38.1369],[15.6525,38.2703],[15.5236,38.2953],[15.0867,38.1208],[14.8744,38.1706],[14.5194,38.0428],[13.9478,38.0314],[13.7689,37.9706],[13.3825,38.1075],[13.3167,38.2183],[13.1008,38.1853],[13.0628,38.0786],[12.9306,38.0258],[12.7336,38.1397],[12.5564,38.0597],[12.4222,37.7961],[12.6575,37.5586],[12.9206,37.5736],[13.1589,37.4911],[13.8806,37.1011],[14.2458,37.0622],[14.5536,36.7803],[15.0814,36.6492],[15.1361,36.6778],[15.0947,36.7997],[15.1486,36.9103],[15.3167,37.0089],[15.0939,37.3428],[15.0867,37.4794],[15.2197,37.7644],[15.5289,38.1369]]],[[[12.0158,36.7383],[12.0483,36.7969],[11.935,36.8331],[12.0158,36.7383]]]]},"properties":{"name":"Italy","iso2":"IT","iso3":"ITA"}},
{"type":"Feature","geometry":{"type":"Polygon","coordinates":[[[24.315,57.8718],[24.4075,57.2567],[23.7858,56.9703],[23.5861,56.9767],[23.2592,57.098],[23.1342,57.3658],[22.6372,57.5889],[22.6103,57.7564],[21.7247,57.5725],[21.4206,57.2894],[21.3917,57.0219],[21.0519,56.8328],[21.0686,56.4355],[20.9997,56.5106],[20.9686,56.3636],[21.0517,56.0773],[21.1239,56.0875],[21.1467,56.088],[21.2047,56.0839],[21.2097,56.0855],[21.2233,56.0961],[21.2444,56.1683],[21.3544,56.24],[21.4278,56.2419],[22.0672,56.4194],[22.4814,56.4064],[22.4972,56.4064],[22.5869,56.3947],[22.6233,56.3869],[22.6281,56.385],[22.6436,56.3753],[22.6614,56.3625],[22.8461,56.3869],[22.9169,56.4205],[22.9992,56.3833],[23.0083,56.3661],[23.0539,56.3194],[23.0681,56.3136],[23.1044,56.3056],[23.1103,56.3067],[23.1814,56.3489],[23.1775,56.3511],[23.1675,56.3592],[23.2961,56.3808],[23.4417,56.3453],[23.5253,56.3342],[23.5969,56.3622],[23.6086,56.3642],[24.0083,56.3181],[24.0744,56.2817],[24.1633,56.2611],[24.1753,56.2633],[24.3203,56.3083],[24.3322,56.3105],[24.4042,56.2819],[24.4494,56.2697],[24.48,56.2697],[24.5583,56.2883],[24.5825,56.3125],[24.6533,56.3658],[24.8794,56.4486],[24.8997,56.4505],[24.9222,56.44],[24.9931,56.305],[25.0725,56.2192],[25.1061,56.1972],[25.1339,56.1889],[25.2625,56.1808],[25.4297,56.1664],[25.6969,56.1153],[25.9322,55.9805],[26.2017,55.86],[26.2392,55.8189],[26.2403,55.815],[26.2633,55.7753],[26.2689,55.7694],[26.3583,55.7189],[26.3756,55.7142],[26.5108,55.6839],[26.6132,55.6748],[26.85,55.7108],[26.99,55.8347],[27.5988,55.7917],[27.6472,55.9242],[27.9294,56.1133],[28.168,56.1502],[28.185,56.1633],[28.1992,56.185],[28.1478,56.4714],[27.9436,56.7228],[27.9247,56.7914],[27.9311,56.7975],[27.9406,56.8169],[27.9406,56.8211],[27.8606,56.8689],[27.8378,56.8755],[27.7936,56.8778],[27.7017,56.9147],[27.8464,57.17],[27.8514,57.1878],[27.8639,57.2625],[27.8656,57.2919],[27.8531,57.3111],[27.5803,57.4158],[27.5272,57.4386],[27.5256,57.4417],[27.5264,57.4494],[27.5472,57.5364],[27.4494,57.5311],[27.3721,57.5356],[27.0806,57.5636],[27.0319,57.6047],[26.8983,57.6339],[26.8731,57.6305],[26.6089,57.5269],[26.6028,57.5258],[26.5389,57.5222],[26.5236,57.523],[26.5114,57.5261],[26.2875,57.6189],[26.035,57.8233],[25.6181,57.9183],[25.4533,57.9994],[25.445,58.0208],[25.4361,58.0294],[25.2872,58.0842],[25.2669,58.0769],[25.2889,58.0472],[25.2969,58.038],[25.3003,58.0269],[25.3,58.0142],[25.2944,58.0075],[25.2239,57.9972],[25.2072,58.028],[25.1797,58.0703],[25.17,58.0744],[25.1392,58.0767],[25.0608,58.0611],[24.7239,57.965],[24.5536,57.9547],[24.453,57.9133],[24.4203,57.8744],[24.3244,57.8703],[24.315,57.8718]]]},"properties":{"name":"Latvia","iso2":"LV","iso3":"LVA"}},
{"type":"Feature","geometry":{"type":"Polygon","coordinates":[[[26.6132,55.6748],[26.6244,55.6428],[26.4556,55.3455],[26.5058,55.3239],[26.6192,55.3294],[26.7839,55.3089],[26.7922,55.2592],[26.5028,55.1522],[26.2533,55.1236],[26.2503,55.0819],[26.21,55.0214],[25.93,54.9561],[25.8772,54.9422],[25.7953,54.8758],[25.7367,54.7894],[25.7311,54.6558],[25.7331,54.6525],[25.7642,54.5792],[25.6583,54.5267],[25.6489,54.5175],[25.5531,54.3592],[25.5475,54.3286],[25.6111,54.3114],[25.6414,54.3144],[25.6911,54.325],[25.7175,54.3286],[25.8078,54.248],[25.7661,54.1539],[25.6811,54.1378],[25.6622,54.1361],[25.5519,54.1431],[25.5047,54.1831],[25.5478,54.2033],[25.5744,54.2436],[25.5033,54.3019],[25.4717,54.3061],[25.3917,54.2558],[25.3458,54.2528],[25.1619,54.1725],[25.1014,54.1444],[25.0103,54.1369],[25.0014,54.1453],[24.9861,54.1547],[24.9689,54.1586],[24.9553,54.158],[24.8106,54.0789],[24.8261,54.0614],[24.8308,54.055],[24.8406,54.0344],[24.8361,53.9967],[24.8208,53.9772],[24.7208,53.9694],[24.7128,53.9739],[24.7022,53.9942],[24.6967,54],[24.6122,53.9922],[24.4633,53.9205],[24.2692,53.9039],[24.2597,53.9161],[24.2592,53.9244],[24.245,53.943],[24.2386,53.9483],[24.2094,53.9633],[24.1756,53.9675],[24.1439,53.9642],[24.0161,53.9372],[23.8989,53.9405],[23.504,53.947],[23.9331,53.0142],[23.9408,52.7322],[23.3972,52.5144],[23.1654,52.2823],[23.6386,52.0794],[23.535,51.6536],[23.6046,51.5277],[23.6239,51.5864],[23.6092,51.5997],[23.6211,51.6236],[23.6506,51.6369],[23.9022,51.6344],[23.9203,51.6228],[23.9319,51.6075],[23.9375,51.5978],[23.9439,51.5883],[23.973,51.5861],[24.0075,51.5961],[24.0706,51.625],[24.3047,51.7942],[24.3914,51.8856],[24.4094,51.8875],[24.7003,51.8939],[24.9036,51.9014],[25.0519,51.9322],[25.1667,51.9589],[25.1794,51.9597],[25.2775,51.9514],[25.3122,51.9397],[25.3611,51.9269],[25.6761,51.9219],[25.8183,51.9358],[26.1394,51.8822],[26.1494,51.8747],[26.2078,51.8583],[26.4369,51.8569],[26.5308,51.8133],[26.5711,51.8183],[26.6497,51.8203],[26.7225,51.8025],[26.9481,51.7489],[27.0172,51.7686],[27.1797,51.7628],[27.2067,51.743],[27.1992,51.6864],[27.2925,51.5958],[27.4455,51.6011],[27.7197,51.5925],[27.7278,51.5839],[27.7292,51.5764],[27.68,51.4944],[27.7517,51.4669],[27.8117,51.5247],[27.8117,51.5886],[27.8253,51.6042],[27.8514,51.6203],[27.8847,51.62],[27.9128,51.6008],[27.9336,51.5864],[28.1044,51.5681],[28.135,51.5803],[28.1725,51.6294],[28.1886,51.6431],[28.2586,51.6611],[28.2633,51.6592],[28.3194,51.5892],[28.4333,51.5661],[28.4756,51.5797],[28.6272,51.5664],[28.6331,51.5447],[28.6319,51.5403],[28.6514,51.468],[28.6606,51.4519],[28.7406,51.4133],[28.7525,51.4111],[28.7658,51.4214],[28.7694,51.448],[28.7625,51.4772],[28.7736,51.4947],[28.8106,51.5344],[28.8286,51.5464],[29.0525,51.6311],[29.1656,51.6269],[29.2433,51.5378],[29.2508,51.5047],[29.3008,51.3997],[29.3242,51.378],[29.6217,51.49],[29.6819,51.4997],[29.7178,51.4944],[29.7333,51.4694],[29.7394,51.4522],[29.745,51.4467],[29.8344,51.4419],[29.9833,51.4864],[30.0122,51.4892],[30.1619,51.4933],[30.2006,51.4867],[30.2139,51.4808],[30.3486,51.4014],[30.3497,51.3861],[30.5514,51.2518],[30.5681,51.2992],[30.6439,51.3669],[30.5864,51.4892],[30.565,51.6433],[30.6283,51.7114],[30.67,51.7964],[30.6606,51.82],[30.6653,51.8269],[30.7469,51.8953],[30.9589,52.0008],[30.9307,52.0344],[30.9342,52.0603],[30.9631,52.0811],[31.1064,52.0864],[31.3239,52.105],[31.3411,52.1125],[31.3797,52.118],[31.5028,52.1175],[31.6222,52.1089],[31.7839,52.108],[31.7867,52.16],[31.5867,52.3189],[31.5972,52.3267],[31.6281,52.3619],[31.6292,52.3744],[31.6089,52.4914],[31.5,52.69],[31.5492,52.6983],[31.5697,52.7086],[31.5808,52.803],[31.5369,52.8561],[31.2664,53.0219],[31.3147,53.0514],[31.3883,53.1033],[31.3748,53.1219],[31.4047,53.1958],[31.4225,53.2089],[31.6161,53.2183],[31.6303,53.2172],[31.7756,53.1942],[31.7958,53.1472],[31.8011,53.1258],[31.9183,53.0983],[32.1367,53.0886],[32.1475,53.0905],[32.4522,53.2211],[32.6119,53.313],[32.7365,53.4384],[32.7411,53.4631],[32.6378,53.5019],[32.4786,53.5508],[32.453,53.5639],[32.4225,53.6064],[32.5092,53.6792],[32.5103,53.6875],[32.5067,53.6939],[32.4803,53.7144],[32.4517,53.7264],[32.1197,53.82],[31.9931,53.8025],[31.9356,53.7892],[31.7642,53.8026],[31.7844,53.8458],[31.8069,53.855],[31.8653,54.0061],[31.7617,54.1033],[31.7353,54.1072],[31.6756,54.1067],[31.5242,54.1508],[31.31,54.3042],[31.3125,54.3433],[31.3117,54.3508],[31.2319,54.4567],[31.2217,54.4605],[31.0928,54.4911],[31.0867,54.4955],[31.0828,54.5097],[31.0867,54.5178],[31.1317,54.5705],[31.005,54.7117],[30.8764,54.7692],[30.8319,54.7828],[30.78,54.7969],[30.7831,54.8142],[30.8389,54.9225],[30.9,54.9522],[30.9442,54.9661],[31.0244,55.0308],[31.0297,55.0433],[30.9781,55.1522],[30.9225,55.1989],[30.8197,55.2839],[30.8133,55.3011],[30.8175,55.3133],[30.8578,55.3536],[30.8919,55.3764],[30.9158,55.3794],[30.9394,55.3994],[30.9303,55.5778],[30.9189,55.6083],[30.9103,55.6131],[30.7947,55.5955],[30.7689,55.5936],[30.6125,55.7203],[30.4897,55.8],[30.2458,55.8544],[29.9464,55.8544],[29.6564,55.7653],[29.5408,55.7022],[29.4792,55.6947],[29.3928,55.7514],[29.3583,55.7933],[29.4044,55.8925],[29.4069,55.8958],[29.4619,55.9083],[29.4644,55.9111],[29.4569,55.9242],[29.4014,55.9614],[29.0594,56.0328],[28.8694,55.9805],[28.8608,55.9761],[28.8458,55.9519],[28.8469,55.9425],[28.7313,55.9624],[28.7072,55.9978],[28.6972,56.0383],[28.6539,56.0889],[28.3875,56.0961],[28.3678,56.0786],[28.3585,56.0615],[28.3497,56.0547],[28.3073,56.0527],[28.1889,56.1328],[28.168,56.1502],[27.9294,56.1133],[27.6472,55.9242],[27.5988,55.7917],[26.99,55.8347],[26.85,55.7108],[26.6132,55.6748]]]},"properties":{"name":"Belarus","iso2":"BY","iso3":"BLR"}},
{"type":"Feature","geometry":{"type":"MultiPolygon","coordinates":[[[[21.0517,56.0773],[21.0583,55.7817],[21.2472,55.4633],[21.1836,55.3407],[21.256,55.3659],[21.2639,55.249],[21.3633,55.2869],[21.4314,55.2519],[22.0619,55.0275],[22.6022,55.0467],[22.6439,54.9636],[22.8425,54.8969],[22.6939,54.5228],[22.7022,54.4558],[22.7859,54.3638],[22.8108,54.3944],[22.8436,54.4069],[22.8703,54.408],[23,54.383],[23.1158,54.3044],[23.3331,54.2472],[23.3503,54.2389],[23.4942,54.1172],[23.5081,53.9605],[23.504,53.947],[23.8989,53.9405],[24.0161,53.9372],[24.1439,53.9642],[24.1756,53.9675],[24.2094,53.9633],[24.2386,53.9483],[24.245,53.943],[24.2592,53.9244],[24.2597,53.9161],[24.2692,53.9039],[24.4633,53.9205],[24.6122,53.9922],[24.6967,54],[24.7022,53.9942],[24.7128,53.9739],[24.7208,53.9694],[24.8208,53.9772],[24.8361,53.9967],[24.8406,54.0344],[24.8308,54.055],[24.8261,54.0614],[24.8106,54.0789],[24.9553,54.158],[24.9689,54.1586],[24.9861,54.1547],[25.0014,54.1453],[25.0103,54.1369],[25.1014,54.1444],[25.1619,54.1725],[25.3458,54.2528],[25.3917,54.2558],[25.4717,54.3061],[25.5033,54.3019],[25.5744,54.2436],[25.5478,54.2033],[25.5047,54.1831],[25.5519,54.1431],[25.6622,54.1361],[25.6811,54.1378],[25.7661,54.1539],[25.8078,54.248],[25.7175,54.3286],[25.6911,54.325],[25.6414,54.3144],[25.6111,54.3114],[25.5475,54.3286],[25.5531,54.3592],[25.6489,54.5175],[25.6583,54.5267],[25.7642,54.5792],[25.7331,54.6525],[25.7311,54.6558],[25.7367,54.7894],[25.7953,54.8758],[25.8772,54.9422],[25.93,54.9561],[26.21,55.0214],[26.2503,55.0819],[26.2533,55.1236],[26.5028,55.1522],[26.7922,55.2592],[26.7839,55.3089],[26.6192,55.3294],[26.5058,55.3239],[26.4556,55.3455],[26.6244,55.6428],[26.6132,55.6748],[26.5108,55.6839],[26.3756,55.7142],[26.3583,55.7189],[26.2689,55.7694],[26.2633,55.7753],[26.2403,55.815],[26.2392,55.8189],[26.2017,55.86],[25.9322,55.9805],[25.6969,56.1153],[25.4297,56.1664],[25.2625,56.1808],[25.1339,56.1889],[25.1061,56.1972],[25.0725,56.2192],[24.9931,56.305],[24.9222,56.44],[24.8997,56.4505],[24.8794,56.4486],[24.6533,56.3658],[24.5825,56.3125],[24.5583,56.2883],[24.48,56.2697],[24.4494,56.2697],[24.4042,56.2819],[24.3322,56.3105],[24.3203,56.3083],[24.1753,56.2633],[24.1633,56.2611],[24.0744,56.2817],[24.0083,56.3181],[23.6086,56.3642],[23.5969,56.3622],[23.5253,56.3342],[23.4417,56.3453],[23.2961,56.3808],[23.1675,56.3592],[23.1775,56.3511],[23.1814,56.3489],[23.1103,56.3067],[23.1044,56.3056],[23.0681,56.3136],[23.0539,56.3194],[23.0083,56.3661],[22.9992,56.3833],[22.9169,56.4205],[22.8461,56.3869],[22.6614,56.3625],[22.6436,56.3753],[22.6281,56.385],[22.6233,56.3869],[22.5869,56.3947],[22.4972,56.4064],[22.4814,56.4064],[22.0672,56.4194],[21.4278,56.2419],[21.3544,56.24],[21.2444,56.1683],[21.2233,56.0961],[21.2097,56.0855],[21.2047,56.0839],[21.1467,56.088],[21.1239,56.0875],[21.0517,56.0773]]],[[[20.9848,55.2766],[21.1031,55.4208],[21.09,55.72],[21.0886,55.5147],[20.9428,55.2872],[20.9848,55.2766]]]]},"properties":{"name":"Lithuania","iso2":"LT","iso3":"LTU"}},
{"type":"Feature","geometry":{"type":"Polygon","coordinates":[[[17.1664,48.0125],[17.3406,47.9975],[17.7844,47.7468],[18.6553,47.7586],[18.8497,47.8178],[18.7589,47.9075],[18.8491,48.0511],[19.4722,48.0872],[19.5242,48.2058],[19.6306,48.2339],[19.9378,48.1353],[20.2997,48.2586],[20.5008,48.5044],[20.6606,48.5633],[21.1533,48.5111],[21.4428,48.5753],[21.7775,48.3408],[22.1017,48.3772],[22.1108,48.3803],[22.1506,48.4086],[22.1514,48.4119],[22.1558,48.5592],[22.1561,48.5681],[22.1669,48.588],[22.3875,48.7936],[22.3892,48.805],[22.425,48.8894],[22.5292,48.9917],[22.5372,48.9955],[22.5581,49.0794],[22.0378,49.2108],[21.9569,49.3414],[21.6189,49.4364],[21.0761,49.4236],[20.9164,49.2961],[20.7408,49.3889],[20.3606,49.3931],[20.1436,49.315],[20.0744,49.1753],[19.9747,49.2272],[19.7711,49.2064],[19.7903,49.4067],[19.6586,49.4067],[19.4756,49.6],[19.2703,49.5278],[19.1636,49.4006],[18.9781,49.3967],[18.9686,49.4817],[18.8512,49.5174],[18.5622,49.4939],[18.3794,49.3303],[18.2081,49.2842],[18.0753,49.0419],[17.7575,48.8767],[17.4039,48.8228],[17.1879,48.8694],[16.9462,48.6191],[16.8422,48.3653],[17.1664,48.0125]]]},"properties":{"name":"Slovakia","iso2":"SK","iso3":"SVK"}},
{"type":"Feature","geometry":{"type":"Polygon","coordinates":[[[9.5336,47.2745],[9.4746,47.0575],[9.5986,47.0638],[9.6339,47.1306],[9.5336,47.2745]]]},"properties":{"name":"Liechtenstein","iso2":"LI","iso3":"LIE"}},
{"type":"Feature","geometry":{"type":"Polygon","coordinates":[[[20.9835,40.8559],[21.1508,40.8575],[21.3686,40.8783],[21.3997,40.9069],[21.5136,40.9106],[21.5736,40.8731],[21.5797,40.8722],[21.7922,40.9328],[21.9806,41.1336],[22.2567,41.1714],[22.3433,41.1344],[22.5856,41.1194],[22.7419,41.1592],[22.7436,41.1633],[22.7653,41.2967],[22.7597,41.3094],[22.7722,41.3244],[22.8039,41.3469],[22.9264,41.343],[22.9356,41.3421],[23.0147,41.7622],[22.8286,42.0269],[22.5211,42.1486],[22.3653,42.3239],[22.3244,42.3614],[22.0833,42.3006],[21.8503,42.3308],[21.7214,42.2328],[21.4667,42.2658],[21.305,42.1478],[21.1169,42.2025],[20.7928,42.0825],[20.7331,41.8639],[20.5896,41.8822],[20.4581,41.5264],[20.5625,41.4081],[20.5192,41.2464],[20.7339,40.9119],[20.9442,40.9192],[20.9835,40.8559]]]},"properties":{"name":"The former Yugoslav Republic of Macedonia","iso2":"MK","iso3":"MKD"}},
{"type":"Feature","geometry":{"type":"MultiPolygon","coordinates":[[[[14.5622,35.8203],[14.5103,35.9253],[14.3264,35.9789],[14.375,35.8475],[14.5622,35.8203]]],[[[14.2675,36.0114],[14.3411,36.0339],[14.1811,36.0608],[14.2675,36.0114]]]]},"properties":{"name":"Malta","iso2":"MT","iso3":"MLT"}},
{"type":"Feature","geometry":{"type":"Polygon","coordinates":[[[5.8079,49.545],[5.8992,49.6628],[5.7467,49.7953],[5.7708,49.9517],[5.9697,50.1686],[6.1344,50.1278],[6.1656,50.2236],[6.2808,50.2836],[6.3497,50.3128],[6.3982,50.3232],[6.3744,50.4406],[6.3736,50.4433],[6.3444,50.4842],[6.2647,50.4978],[6.2478,50.5892],[6.2708,50.6214],[6.2686,50.6236],[6.0118,50.7573],[5.8989,50.7539],[5.7975,50.7694],[5.6919,50.7606],[5.7014,50.7744],[5.6556,50.8225],[5.7581,50.96],[5.7769,51.0258],[5.8181,51.115],[5.8551,51.1483],[5.8344,51.1658],[5.6447,51.2036],[5.5533,51.2697],[5.5208,51.2911],[5.5108,51.2944],[5.4756,51.2869],[5.4114,51.2669],[5.4061,51.2661],[5.3297,51.2622],[5.239,51.2623],[5.2389,51.3047],[5.1944,51.32],[5.1892,51.3192],[5.155,51.3158],[5.1439,51.3186],[5.0831,51.3858],[5.0772,51.3953],[5.0778,51.4033],[5.1033,51.4305],[5.0414,51.4867],[5,51.4378],[4.9403,51.4014],[4.93,51.3986],[4.8461,51.4775],[4.8258,51.4922],[4.7883,51.5031],[4.7692,51.5028],[4.6986,51.4644],[4.6686,51.4408],[4.6731,51.4308],[4.6506,51.4233],[4.5469,51.4258],[4.5353,51.4397],[4.5433,51.4589],[4.55,51.475],[4.3939,51.4503],[4.3967,51.4169],[4.4317,51.3644],[4.4281,51.3619],[4.3881,51.3575],[4.2524,51.3751],[4.3097,51.262],[4.2389,51.3504],[4.1278,51.2789],[3.9525,51.2144],[3.8975,51.2053],[3.7961,51.2203],[3.7931,51.2619],[3.6692,51.2928],[3.6008,51.3047],[3.5247,51.2883],[3.5208,51.2775],[3.5208,51.2481],[3.4658,51.2419],[3.4392,51.2444],[3.4342,51.2461],[3.3808,51.2736],[3.3736,51.31],[3.3709,51.3739],[3.1317,51.3242],[2.5417,51.0911],[2.6506,50.8161],[2.8675,50.7134],[2.9606,50.7575],[3.0417,50.7772],[3.1544,50.7883],[3.1622,50.7836],[3.2431,50.6603],[3.28,50.5383],[3.2986,50.523],[3.3672,50.4956],[3.4525,50.5094],[3.6078,50.4958],[3.6577,50.4589],[3.6769,50.3953],[3.8897,50.34],[4.0332,50.3564],[4.165,50.2831],[4.1472,50.01],[4.1742,49.9799],[4.3172,49.9697],[4.4133,49.9492],[4.4458,49.9406],[4.4583,49.9386],[4.5106,49.9475],[4.6736,49.9964],[4.6975,50.0555],[4.6878,50.0672],[4.7631,50.1356],[4.8325,50.1686],[4.8947,50.1403],[4.8875,50.1311],[4.8833,50.1292],[4.8533,50.0956],[4.8639,49.8072],[4.9244,49.7894],[4.9447,49.7936],[4.9844,49.8047],[5.3311,49.6567],[5.415,49.6133],[5.4742,49.5411],[5.4761,49.5342],[5.4653,49.5217],[5.5144,49.5089],[5.6319,49.5358],[5.7922,49.5458],[5.8079,49.545]]]},"properties":{"name":"Belgium","iso2":"BE","iso3":"BEL"}},
{"type":"Feature","geometry":{"type":"MultiPolygon","coordinates":[[[[-6.6553,61.3894],[-6.7244,61.5733],[-6.9264,61.6414],[-6.8458,61.4681],[-6.6553,61.3894]]],[[[-6.6042,61.8217],[-6.9047,61.9078],[-6.6522,61.7428],[-6.6042,61.8217]]],[[[-7.0497,62.0678],[-7.2233,62.1594],[-7.4336,62.1436],[-7.2017,62.0186],[-7.0497,62.0678]]],[[[-6.7069,61.9375],[-6.735,62.0436],[-7.1922,62.3078],[-7.2322,62.1725],[-6.7069,61.9375]]],[[[-6.6575,62.0925],[-6.6011,62.1969],[-6.9503,62.3381],[-7.0603,62.3136],[-6.9219,62.1672],[-6.6575,62.0558],[-6.6575,62.0925]]],[[[-6.4186,62.1839],[-6.5417,62.3575],[-6.5725,62.2117],[-6.4186,62.1839]]]]},"properties":{"name":"Faroe Islands","iso2":"FO","iso3":"FRO"}},
{"type":"Feature","geometry":{"type":"Polygon","coordinates":[[[1.4458,42.6019],[1.4242,42.4933],[1.4547,42.4417],[1.6611,42.4714],[1.7233,42.5153],[1.7353,42.5544],[1.7539,42.57],[1.7817,42.57],[1.5631,42.6555],[1.5564,42.6564],[1.4919,42.6536],[1.4458,42.6019]]]},"properties":{"name":"Andorra","iso2":"AD","iso3":"AND"}},
{"type":"Feature","geometry":{"type":"Polygon","coordinates":[[[6.3622,49.4594],[6.3565,49.5259],[6.4208,49.6658],[6.5058,49.7066],[6.5244,49.8086],[6.4819,49.8111],[6.3956,49.8178],[6.2503,49.8842],[6.1753,49.95],[6.1281,50.1164],[6.1344,50.1278],[5.9697,50.1686],[5.7708,49.9517],[5.7467,49.7953],[5.8992,49.6628],[5.8079,49.545],[5.81,49.5389],[6.0906,49.453],[6.12,49.4717],[6.3028,49.4767],[6.3622,49.4594]]]},"properties":{"name":"Luxembourg","iso2":"LU","iso3":"LUX"}},
{"type":"Feature","geometry":{"type":"Polygon","coordinates":[[[7.3916,43.7275],[7.4294,43.7714],[7.3878,43.7486],[7.3916,43.7275]]]},"properties":{"name":"Monaco","iso2":"MC","iso3":"MCO"}},
{"type":"Feature","geometry":{"type":"Polygon","coordinates":[[[20.0714,42.5609],[20.1072,42.6544],[19.9803,42.7219],[20.0667,42.773],[20.2319,42.7611],[20.3828,42.8355],[20.3489,42.8864],[19.9697,43.0906],[19.6478,43.1817],[19.2288,43.5132],[19.0117,43.5561],[18.9494,43.5094],[19.0936,43.3089],[19.055,43.2325],[18.9142,43.3583],[18.7,43.2556],[18.65,43.0442],[18.4806,42.9644],[18.4556,42.8256],[18.5775,42.655],[18.4556,42.5658],[18.4533,42.5211],[18.4533,42.5125],[18.4664,42.4778],[18.5032,42.4494],[18.6819,42.4583],[18.7025,42.3933],[18.5464,42.4161],[18.8833,42.2786],[19.1386,42.0433],[19.1547,41.9458],[19.3678,41.849],[19.4003,42.1053],[19.2825,42.1856],[19.6458,42.618],[19.7533,42.6422],[19.8225,42.4719],[20.0714,42.5609]]]},"properties":{"name":"Montenegro","iso2":"ME","iso3":"MNE"}},
{"type":"Feature","geometry":{"type":"MultiPolygon","coordinates":[[[[7.2084,53.2428],[6.9453,53.3214],[6.8692,53.4339],[6.7419,53.4658],[5.9817,53.3989],[5.5861,53.2947],[5.3861,53.0967],[5.0858,52.9553],[4.8875,52.8961],[4.7414,52.9605],[4.58,52.4717],[5.0283,52.3758],[5.0928,52.5003],[5.0333,52.6342],[5.1678,52.6289],[5.3042,52.7069],[5.1261,52.8225],[5.1003,52.9481],[5.3642,53.0703],[5.3686,52.8778],[5.7184,52.838],[5.5992,52.7578],[5.5994,52.6586],[5.855,52.6069],[5.8781,52.5094],[5.7742,52.4053],[5.4244,52.2486],[4.5769,52.4581],[4.3622,52.1717],[4.1381,51.9958],[4.0122,51.9817],[4.0611,51.8603],[3.8656,51.815],[4.1678,51.6856],[3.8853,51.7439],[3.6875,51.7097],[3.9675,51.6144],[4.1862,51.617],[3.99,51.5847],[4.2628,51.5106],[4.2861,51.4486],[4.1256,51.4383],[4.0067,51.5253],[3.8206,51.5492],[3.9028,51.5653],[3.8372,51.6067],[3.5689,51.5972],[3.4408,51.5358],[3.8231,51.39],[3.9289,51.435],[4.2524,51.3751],[4.3881,51.3575],[4.4281,51.3619],[4.4317,51.3644],[4.3967,51.4169],[4.3939,51.4503],[4.55,51.475],[4.5433,51.4589],[4.5353,51.4397],[4.5469,51.4258],[4.6506,51.4233],[4.6731,51.4308],[4.6686,51.4408],[4.6986,51.4644],[4.7692,51.5028],[4.7883,51.5031],[4.8258,51.4922],[4.8461,51.4775],[4.93,51.3986],[4.9403,51.4014],[5,51.4378],[5.0414,51.4867],[5.1033,51.4305],[5.0778,51.4033],[5.0772,51.3953],[5.0831,51.3858],[5.1439,51.3186],[5.155,51.3158],[5.1892,51.3192],[5.1944,51.32],[5.2389,51.3047],[5.239,51.2623],[5.3297,51.2622],[5.4061,51.2661],[5.4114,51.2669],[5.4756,51.2869],[5.5108,51.2944],[5.5208,51.2911],[5.5533,51.2697],[5.6447,51.2036],[5.8344,51.1658],[5.8551,51.1483],[5.8181,51.115],[5.7769,51.0258],[5.7581,50.96],[5.6556,50.8225],[5.7014,50.7744],[5.6919,50.7606],[5.7975,50.7694],[5.8989,50.7539],[6.0118,50.7573],[6.0803,50.9158],[6.0256,50.9783],[5.8917,50.9728],[5.8647,51.0461],[6.0975,51.1311],[6.0764,51.2403],[6.2222,51.3617],[6.2222,51.4658],[5.9625,51.8078],[6.1236,51.8881],[6.4628,51.8536],[6.8289,51.9656],[6.7364,52.0767],[7.0531,52.2378],[7.0656,52.3858],[6.9875,52.4611],[6.7533,52.4628],[6.6889,52.5492],[6.7681,52.6522],[7.0517,52.6436],[7.2103,53.0019],[7.2084,53.2428]]],[[[4.1278,51.2789],[4.2108,51.3725],[3.8619,51.3392],[3.5383,51.4119],[3.3709,51.3739],[3.3736,51.31],[3.3808,51.2736],[3.4342,51.2461],[3.4392,51.2444],[3.4658,51.2419],[3.5208,51.2481],[3.5208,51.2775],[3.5247,51.2883],[3.6008,51.3047],[3.6692,51.2928],[3.7931,51.2619],[3.7961,51.2203],[3.8975,51.2053],[3.9525,51.2144],[4.1278,51.2789]]],[[[5.7639,52.4153],[5.8556,52.5442],[5.6436,52.6011],[5.1419,52.3508],[5.4286,52.2642],[5.7639,52.4153]]],[[[5.4233,52.6364],[5.2964,52.6911],[5.1494,52.6169],[5.0395,52.6337],[5.1117,52.4742],[5.0546,52.3913],[5.4474,52.5131],[5.4233,52.6364]]],[[[4.7647,52.9903],[4.9089,53.0906],[4.8792,53.1864],[4.7139,53.0561],[4.7647,52.9903]]],[[[4.9572,53.2378],[5.1047,53.3067],[4.88,53.2144],[4.9572,53.2378]]],[[[5.2131,53.35],[5.5797,53.4508],[5.2281,53.3967],[5.2131,53.35]]],[[[5.6992,53.4628],[5.6378,53.4358],[5.9561,53.4628],[5.6992,53.4628]]],[[[6.135,53.4536],[6.3411,53.5028],[6.1489,53.4975],[6.135,53.4536]]]]},"properties":{"name":"Netherlands","iso2":"NL","iso3":"NLD"}},
{"type":"Feature","geometry":{"type":"MultiPolygon","coordinates":[[[[28.9573,69.0516],[29.0633,69.0292],[29.2392,69.1075],[29.31,69.3153],[30.0978,69.5033],[30.1033,69.6631],[30.5292,69.5461],[30.91,69.5489],[30.8548,69.7923],[30.4553,69.8128],[30.3514,69.6661],[30.4006,69.8275],[30.1781,69.8772],[30.1886,69.6872],[29.9483,69.7539],[29.4867,69.6555],[29.7375,69.9053],[29.3656,69.8553],[29.6717,69.9675],[28.6125,70.1078],[28.7003,70.1783],[30.0944,70.0686],[30.5231,70.2406],[31.0747,70.2836],[30.9439,70.4497],[30.8258,70.4325],[30.5842,70.5411],[30.0025,70.5353],[30.3486,70.5964],[30.1153,70.7056],[29.6894,70.6136],[29.7653,70.7347],[29.3469,70.6642],[29.2622,70.8378],[29.0361,70.8742],[28.7544,70.8594],[28.5275,70.7267],[28.4803,70.6297],[28.2244,70.3892],[28.2322,70.1655],[28.0389,70.0619],[28.1858,70.1594],[28.1539,70.3694],[28.3356,70.5056],[28.2319,70.5058],[28.1197,70.4347],[28.1767,70.5022],[27.9014,70.4419],[27.8517,70.4789],[28.295,70.7128],[27.6475,70.6053],[28.1317,70.7308],[27.7722,70.7889],[28.2522,70.7875],[28.5508,70.9683],[28.2078,71.08],[27.87,71.0322],[27.6517,71.1131],[27.4756,71.0039],[27.2583,71.0292],[27.1361,70.9583],[27.5656,70.8047],[27.3192,70.8244],[27.1325,70.7381],[27.2678,70.5786],[27.0583,70.6106],[27.0294,70.4742],[26.7983,70.4772],[26.5167,70.3542],[26.6531,70.6394],[26.3428,70.6403],[26.6853,70.7297],[26.6794,70.9536],[25.4503,70.3489],[25.5136,70.2642],[25.1578,70.0775],[25.0925,70.1472],[25.0453,70.0636],[24.9425,70.0878],[25.09,70.3617],[25.2731,70.3989],[25.2592,70.4886],[25.0736,70.5],[25.9275,70.8631],[25.5414,70.9047],[25.3581,70.9694],[25.2778,70.8028],[25.0194,70.9686],[24.8794,70.9075],[24.6756,70.9731],[24.6347,70.7758],[24.3847,70.8658],[24.2456,70.7772],[24.5622,70.7389],[24.7292,70.6219],[24.3631,70.6886],[24.1553,70.5681],[24.3558,70.4539],[23.9786,70.5094],[23.66,70.42],[23.4092,70.2739],[23.5308,70.2414],[23.3311,70.2197],[23.3437,70.1145],[23.1756,70.0889],[23.5328,70.0217],[23.3119,69.9408],[22.8794,70.1036],[22.2878,70.0389],[22.8214,70.1114],[22.9644,70.2028],[22.3847,70.2533],[22.3275,70.1655],[22.5503,70.1189],[22.3442,70.1444],[22.2786,70.1814],[22.2986,70.2839],[22.0036,70.3208],[21.73,70.2375],[21.5164,70.3039],[21.2044,70.2022],[21.735,70.0555],[22.0967,70.1133],[21.7972,70.0336],[22.1017,69.7408],[21.3072,70.0197],[21.045,69.7861],[20.8936,69.8494],[21.0731,69.9478],[20.5658,69.7614],[20.4853,69.6286],[20.8531,69.4892],[20.4697,69.5761],[19.9469,69.2561],[20.2806,69.4758],[20.3872,69.9122],[20.2819,69.9739],[20.1575,69.9375],[19.5314,69.3936],[19.7803,69.8033],[19.2467,69.7719],[18.9461,69.5739],[19.0144,69.5319],[19.2267,69.5644],[18.9981,69.4564],[19.4175,69.3489],[19.4406,69.2258],[19.1717,69.2486],[19.3744,69.3233],[19.0119,69.395],[18.8561,69.5503],[18.4717,69.5144],[18.4539,69.4492],[19.0072,69.2831],[18.7711,69.3247],[18.6794,69.26],[18.2569,69.4864],[17.9964,69.2803],[18.1522,69.1522],[17.6372,69.1055],[17.4258,68.905],[17.7186,68.9286],[17.8411,68.8794],[17.47,68.8303],[17.7925,68.7569],[17.4575,68.8103],[17.2361,68.7547],[17.6803,68.6544],[17.2575,68.7206],[16.965,68.7014],[16.6197,68.6369],[16.6333,68.5364],[16.465,68.5139],[16.5106,68.4344],[16.9917,68.5042],[17.0567,68.4342],[17.5528,68.5239],[17.5786,68.4244],[17.3675,68.4114],[17.5747,68.3572],[17.2008,68.3669],[17.4133,68.245],[17.3381,68.1655],[17.14,68.3669],[16.8344,68.3181],[16.7244,68.3992],[16.3172,68.3669],[16.2392,68.3267],[16.8058,68.1314],[16.1417,68.3083],[16.3197,68.2316],[16.1628,68.1972],[16.4869,68.1867],[16.3425,68.0717],[16.5135,68.1149],[16.7153,68.0667],[16.3953,68.0619],[16.5189,67.9533],[16.2075,68.0017],[16.4958,67.7942],[16.2172,67.888],[15.9722,68.2455],[15.8519,68.0914],[15.6436,68.0455],[15.7267,68.1408],[15.4867,68.1314],[15.2831,68.0356],[15.4017,67.9872],[15.5195,68.0465],[15.8478,68.0386],[15.9611,68.013],[15.8711,67.9233],[15.7086,67.9469],[15.2619,67.8608],[14.9922,67.8931],[14.8511,67.84],[15.0825,67.8361],[14.7581,67.8053],[15.0336,67.7761],[14.7786,67.7194],[14.8128,67.6389],[15.3792,67.7972],[15.7811,67.7278],[15.8214,67.6714],[15.5814,67.7353],[15.4017,67.7333],[15.6519,67.6753],[15.2992,67.7169],[15.1772,67.6147],[15.2519,67.523],[15.8992,67.5589],[15.5411,67.4769],[15.64,67.2664],[15.4419,67.4725],[14.9363,67.4704],[15.1572,67.535],[15.0358,67.5705],[14.7275,67.4933],[14.9269,67.423],[14.6275,67.418],[14.3617,67.2339],[14.6686,67.2075],[15.1519,67.3089],[15.0639,67.248],[15.7397,67.1725],[15.3822,67.2014],[15.4956,67.0653],[15.3789,67.1589],[15.0761,67.2103],[14.9311,67.1461],[14.9881,67.0894],[14.8914,67.1461],[14.9278,67.2064],[14.5139,67.1772],[14.7378,67.1144],[14.3506,67.1511],[14.2653,67.0786],[14.5747,67.0158],[14.3042,67.0536],[14.2181,66.9744],[13.9569,66.9203],[13.5297,66.9111],[13.9908,66.7869],[13.5106,66.7897],[13.6957,66.7602],[13.55,66.7111],[13.8842,66.725],[13.6906,66.6894],[13.2281,66.7125],[13.5358,66.6347],[13.1958,66.6631],[13.2342,66.5455],[13.7256,66.6019],[13.2136,66.5072],[12.97,66.5183],[13.1714,66.4061],[13.0233,66.3222],[13.5364,66.3036],[13.2161,66.275],[13.0494,66.1764],[14.1467,66.3217],[13.9989,66.2489],[13.6622,66.2267],[13.5497,66.1006],[13.55,66.2358],[12.6739,66.0669],[12.9594,66.0422],[12.9319,65.975],[13.1219,65.9403],[13.175,65.8492],[12.8283,65.9683],[12.6742,65.9214],[12.5511,65.7489],[12.7886,65.6364],[12.6153,65.6467],[12.5083,65.7292],[12.3608,65.6478],[12.6381,65.4189],[12.4811,65.4433],[12.538,65.3779],[12.2489,65.2286],[12.6486,65.2644],[12.4222,65.2305],[12.3667,65.1533],[12.4772,65.1333],[12.9397,65.3083],[12.6247,65.1336],[12.1489,65.0392],[11.975,65.0658],[11.2972,64.8836],[11.7006,64.9003],[11.2675,64.8394],[11.3747,64.8055],[11.2444,64.7308],[11.9133,64.945],[12.0886,64.9728],[12.2244,64.9372],[12.0806,64.9586],[11.7333,64.8755],[11.6431,64.8181],[11.8406,64.7928],[11.4383,64.7111],[11.5156,64.5678],[11.7281,64.5797],[11.5042,64.5419],[11.3447,64.3892],[11.2217,64.3161],[11.2733,64.4517],[10.9722,64.6014],[10.9011,64.49],[10.6581,64.45],[10.8458,64.3686],[10.4953,64.4238],[10.6522,64.353],[10.4781,64.3558],[10.0203,64.0664],[9.9822,63.9906],[10.1958,63.9353],[9.6225,63.8044],[9.5394,63.6628],[10.0861,63.7639],[9.8011,63.6867],[9.9197,63.5064],[10.3928,63.5689],[10.9419,63.7381],[11.0267,63.8755],[10.5742,63.805],[11.1803,64.008],[11.3058,64.1164],[11.3189,64.0322],[11.4958,64.008],[11.0967,63.8558],[11.4153,63.8461],[11.4558,63.7872],[10.7206,63.605],[10.6575,63.5444],[10.9217,63.5983],[10.76,63.5097],[10.9103,63.4511],[10.0789,63.4272],[10.2628,63.2608],[9.9761,63.3561],[9.7175,63.6303],[9.1567,63.4956],[9.2022,63.3697],[9.4786,63.4031],[9.4083,63.3725],[9.2314,63.3539],[9.005,63.4675],[8.6444,63.4061],[8.7594,63.3397],[8.4778,63.2936],[8.6081,63.2042],[8.9383,63.2067],[8.1592,63.1203],[8.3744,62.9711],[8.6642,62.9819],[8.4153,62.953],[8.5389,62.8444],[8.3578,62.8806],[8.0894,63.1069],[7.8767,63.0044],[8.1414,62.9522],[8.1839,62.8408],[8.5525,62.7167],[8.5483,62.6539],[8.1617,62.8097],[7.9914,62.9719],[7.6769,62.9083],[7.7728,62.9742],[7.4606,62.9111],[7.2719,63.0108],[7.0364,62.9675],[6.9589,62.7225],[7.6258,62.7953],[7.3678,62.7261],[7.39,62.6833],[7.9997,62.7639],[8.1453,62.69],[7.9875,62.7372],[7.6019,62.6919],[7.4189,62.5956],[7.7797,62.5719],[7.5392,62.4992],[7.09,62.6478],[6.265,62.5872],[6.2675,62.5294],[6.6498,62.4984],[6.2572,62.4489],[6.3939,62.4194],[6.7814,62.4783],[6.9736,62.3742],[6.9753,62.31],[7.3939,62.2558],[7.0278,62.2697],[7.0431,62.0864],[6.9403,62.1122],[7.0006,62.2542],[6.8831,62.4114],[6.6967,62.4453],[6.3883,62.3697],[6.5381,62.1047],[6.3169,62.3694],[5.9467,62.2517],[6.09,62.1044],[6.3572,62.0553],[5.92,62.1136],[5.8586,62.1983],[5.6833,62.1722],[5.4556,62.1842],[5.3894,62.1169],[5.5483,62.0783],[5.4644,62.0056],[5.1725,62.2122],[5.0864,62.1867],[5.0986,62.1081],[5.4036,62.0161],[5.1419,61.9708],[5.1481,61.8922],[5.4336,61.935],[5.8919,61.9089],[5.73,61.89],[5.7883,61.8558],[6.4908,61.825],[6.5675,61.8797],[6.7636,61.8681],[6.4692,61.8008],[5.7447,61.8422],[5.3642,61.9058],[4.9381,61.6764],[5.3369,61.5928],[5.1486,61.593],[5.2739,61.5578],[5.1389,61.5169],[5.805,61.4528],[4.9489,61.4128],[5.0406,61.3178],[5.4067,61.3764],[5.6342,61.3606],[5.415,61.3708],[4.9533,61.2586],[5.2458,61.1803],[5.05,61.1586],[5.3972,61.0686],[5.7492,61.1528],[6.4983,61.1303],[6.7036,61.4014],[6.5708,61.2147],[6.9556,61.11],[7.2781,61.1586],[7.3092,61.3625],[7.5744,61.4794],[7.3039,61.2944],[7.4286,61.1814],[7.0008,61.0961],[7.1675,60.9442],[7.1139,60.8603],[6.9536,61.0831],[6.5906,61.1514],[6.3722,61.0619],[5.9208,61.1231],[5.4194,61.0256],[5.0242,61.05],[5.0639,60.8311],[5.2589,60.8108],[5.3528,60.8758],[5.5336,60.8725],[5.2364,60.7739],[5.4058,60.7019],[5.4336,60.6272],[5.3406,60.6405],[5.2764,60.7217],[4.9289,60.7989],[5.2614,60.5531],[5.5344,60.6392],[5.6278,60.7131],[5.7008,60.6942],[5.7025,60.4544],[5.4944,60.4194],[5.2928,60.525],[5.2294,60.48],[5.2525,60.4281],[5.1422,60.3464],[5.1681,60.2772],[5.3141,60.2595],[5.2225,60.204],[5.4111,60.1297],[5.7344,60.3869],[5.5442,60.1506],[5.6461,60.1472],[5.7472,59.9867],[5.9822,60.2361],[6.1297,60.2397],[6.2208,60.4125],[6.2906,60.3858],[6.5681,60.4597],[6.6553,60.4292],[7.0022,60.5878],[6.9794,60.5058],[7.1081,60.4942],[6.8014,60.4697],[6.6547,60.3753],[6.5211,60.0767],[6.6406,60.4103],[6.5242,60.4294],[6.3319,60.3558],[6.075,60.1906],[5.9731,59.9589],[5.735,59.9092],[5.6983,59.8328],[5.9869,59.7528],[6.3064,59.8433],[6.0667,59.7439],[5.5625,59.6753],[5.4597,59.5192],[5.4822,59.7292],[5.1781,59.5083],[5.2872,59.3467],[5.5111,59.275],[5.5748,59.3795],[5.6875,59.3086],[5.8567,59.3456],[5.7894,59.4289],[5.66,59.4014],[5.8078,59.4692],[6.1478,59.4817],[5.8897,59.4439],[5.9339,59.35],[6.1533,59.4547],[6.2581,59.5822],[6.4689,59.5553],[6.2356,59.505],[5.9956,59.3297],[6.1236,59.258],[6.4653,59.3178],[6.1678,59.2547],[5.8664,59.0722],[6.0353,58.8989],[6.1547,58.9936],[6.6233,59.0517],[6.1164,58.9567],[6.0569,58.8908],[6.1686,58.8322],[5.5528,59.0328],[5.4578,58.7444],[5.6258,58.5556],[5.9569,58.4717],[6.0119,58.3797],[6.3476,58.2708],[6.7528,58.2497],[6.5564,58.1208],[6.5978,58.0703],[6.7817,58.1114],[7.0144,57.9878],[7.1514,58.0478],[7.5283,58.008],[8.2111,58.1156],[8.2481,58.2019],[8.5103,58.2703],[9.6931,58.9831],[9.5408,59.1147],[9.8775,58.955],[10.2311,59.0386],[10.3639,59.2653],[10.4558,59.2419],[10.5164,59.3108],[10.4747,59.4242],[10.2369,59.5481],[10.3706,59.523],[10.3983,59.5914],[10.2222,59.7275],[10.3806,59.6989],[10.4225,59.5236],[10.5131,59.525],[10.6114,59.6014],[10.4717,59.8433],[10.6831,59.9033],[10.7386,59.8038],[10.6403,59.8567],[10.5578,59.7286],[10.6915,59.4793],[10.6592,59.3639],[10.7647,59.2203],[10.9003,59.1425],[11.3561,59.1072],[11.4292,58.9876],[11.4392,58.8853],[11.6214,58.9047],[11.7511,59.0903],[11.7969,59.2753],[11.6662,59.5955],[11.9008,59.7011],[11.816,59.8461],[12.14,59.8883],[12.4769,60.0764],[12.6058,60.48],[12.21,61.0025],[12.6378,61.0575],[12.8561,61.3625],[12.1244,61.7286],[12.2958,62.2617],[12.0475,62.59],[12.0289,62.8925],[12.1686,63.0158],[11.9364,63.2722],[12.195,63.4853],[12.1394,63.5842],[12.6339,63.9428],[12.9381,64.0533],[13.23,64.093],[13.9817,64.013],[14.1467,64.1739],[14.1164,64.4706],[13.6625,64.5828],[14.4931,65.3136],[14.6347,65.8269],[14.505,66.1325],[15.0253,66.15],[15.4681,66.2839],[15.3628,66.48],[16.3539,67.0178],[16.3614,67.2378],[16.0858,67.4117],[16.5083,67.6092],[16.7269,67.8992],[17.2736,68.0905],[17.8842,67.9455],[18.1553,68.1661],[18.0908,68.5078],[18.3581,68.5392],[18.6119,68.4753],[18.9522,68.4878],[19.9378,68.3375],[20.2111,68.4822],[19.9564,68.5439],[20.3503,68.7867],[20.0969,69.0422],[20.5809,69.0603],[20.7383,69.0964],[21.0594,69.0344],[21.0281,69.2081],[21.3208,69.3261],[21.6819,69.2847],[22.3467,68.8447],[22.3983,68.7111],[23.0639,68.6955],[23.2042,68.6286],[23.6928,68.7122],[23.83,68.83],[23.9764,68.8325],[24.9349,68.5808],[25.2144,68.8175],[25.6233,68.8842],[25.7611,68.9892],[25.7133,69.2553],[25.9783,69.7019],[26.4706,69.9353],[27.0689,69.9086],[27.5733,70.0689],[27.9025,70.0889],[28.3797,69.8275],[29.1275,69.6858],[29.2997,69.4803],[28.8192,69.2319],[28.7869,69.1192],[28.9573,69.0516]]],[[[5.9528,59.2283],[6.0267,59.2878],[5.9097,59.2742],[5.9528,59.2283]]],[[[5.2878,59.2189],[5.1836,59.4119],[5.1606,59.1428],[5.2878,59.2189]]],[[[5.2633,59.7986],[5.1106,59.87],[5.1489,59.5811],[5.1922,59.7414],[5.2886,59.7505],[5.2739,59.6786],[5.3453,59.7042],[5.2633,59.7986]]],[[[5.4131,59.7517],[5.4903,59.85],[5.2919,59.9728],[5.3053,59.7931],[5.4131,59.7517]]],[[[5.525,59.8933],[5.6581,60.0753],[5.3608,59.9922],[5.525,59.8933]]],[[[5.1119,60.1858],[4.9672,60.4414],[4.9469,60.2492],[5.1119,60.1858]]],[[[5.1953,60.4089],[5.1794,60.4828],[5.0008,60.5311],[5.1386,60.3961],[5.1953,60.4089]]],[[[5.1853,60.5061],[5.1217,60.578],[4.9269,60.6053],[5.1853,60.5061]]],[[[5.55,60.4314],[5.6817,60.4728],[5.6189,60.6903],[5.36,60.5239],[5.55,60.4314]]],[[[4.9864,61.1044],[4.9458,61.185],[4.85,61.18],[4.8047,61.0444],[4.9864,61.1044]]],[[[4.9342,61.7742],[5.2219,61.8456],[4.8833,61.8919],[4.8042,61.8406],[4.9342,61.7742]]],[[[5.0681,61.9231],[5.0997,62.0192],[5.0097,62.0136],[5.0681,61.9231]]],[[[5.6478,62.1875],[5.7889,62.2094],[5.8081,62.273],[5.5481,62.2825],[5.5314,62.1903],[5.6478,62.1875]]],[[[5.8406,62.24],[6.0239,62.3272],[5.9269,62.4281],[5.805,62.3669],[5.8406,62.24]]],[[[6.2539,62.3917],[6.3281,62.4175],[6.0231,62.4356],[6.2539,62.3917]]],[[[6.7367,62.6672],[6.9114,62.6942],[6.8892,62.7425],[6.6856,62.7286],[6.7367,62.6672]]],[[[6.8864,62.7769],[6.9406,62.8444],[6.7758,62.8456],[6.8864,62.7769]]],[[[7.5483,62.9483],[7.7119,63.0025],[7.6044,63.093],[7.3656,62.9964],[7.5483,62.9483]]],[[[7.8097,63.0233],[7.8986,63.09],[7.7083,63.0842],[7.8097,63.0233]]],[[[8.0603,63.1417],[8.1864,63.1531],[8.0983,63.2358],[7.9264,63.1719],[8.0603,63.1417]]],[[[8.3911,63.1592],[8.5747,63.1825],[8.4375,63.2839],[8.2697,63.2661],[8.3911,63.1592]]],[[[8.5119,63.3192],[8.6722,63.3517],[8.5083,63.3817],[8.5119,63.3192]]],[[[8.1622,63.3614],[8.0917,63.4667],[7.7806,63.4106],[7.9853,63.3089],[8.1622,63.3614]]],[[[8.4942,63.4283],[9.1764,63.5647],[8.9572,63.6547],[8.6147,63.6092],[8.2875,63.4894],[8.2953,63.4386],[8.4942,63.4283]]],[[[8.8083,63.8103],[8.2753,63.6744],[8.7944,63.6975],[8.8083,63.8103]]],[[[11.4536,64.5142],[11.0433,64.6342],[11.1756,64.5069],[11.2706,64.5114],[11.418,64.4719],[11.4536,64.5142]]],[[[11.3514,64.65],[11.2792,64.6844],[11.1775,64.6386],[11.3189,64.5969],[11.3514,64.65]]],[[[11.2617,64.8847],[11.1061,64.9503],[10.825,64.845],[11.1289,64.8294],[11.2617,64.8847]]],[[[11.1108,64.9658],[10.7778,64.9189],[10.7397,64.8494],[11.1108,64.9658]]],[[[11.6367,65.0653],[11.7728,65.1136],[11.5342,65.0489],[11.6367,65.0653]]],[[[12.1564,65.0514],[12.3167,65.1042],[12.1836,65.2083],[11.9817,65.0764],[12.1564,65.0514]]],[[[12.0753,65.2114],[12.5028,65.3919],[12.2717,65.5767],[12.0753,65.2114]]],[[[11.9742,65.6269],[11.8944,65.7044],[11.7603,65.6114],[11.9006,65.5831],[11.9742,65.6269]]],[[[12.5425,65.8969],[12.8936,66.0178],[12.5067,65.9903],[12.4386,65.8642],[12.5425,65.8969]]],[[[12.3525,66.0225],[12.6475,66.088],[12.5761,66.2155],[12.3525,66.0225]]],[[[12.7967,66.2144],[12.8397,66.2864],[12.7158,66.2475],[12.7967,66.2144]]],[[[14.2578,67.133],[13.9911,67.0786],[14.1644,66.9978],[14.2578,67.133]]],[[[15.2022,67.9003],[15.3036,67.9203],[14.9344,67.9292],[15.2022,67.9003]]],[[[12.8419,67.8086],[13.1344,67.9525],[13.0683,68.103],[12.8419,67.8086]]],[[[13.4381,68.1128],[13.2992,68.1497],[13.2392,67.9853],[13.4381,68.1128]]],[[[13.9683,68.2383],[13.5636,68.2608],[13.4894,68.0436],[14.1358,68.2394],[13.9683,68.2383]]],[[[15.0264,68.355],[15.1689,68.4505],[14.8958,68.4289],[14.7533,68.3458],[14.8047,68.4178],[14.6275,68.4236],[14.4311,68.3558],[14.4953,68.2978],[14.3172,68.3153],[14.1997,68.1522],[15.0264,68.355]]],[[[16.4056,68.4111],[16.4144,68.5128],[16.235,68.523],[16.1131,68.3789],[16.4056,68.4111]]],[[[17.1164,68.7525],[17.0006,68.8544],[16.8136,68.7228],[17.1164,68.7525]]],[[[17.2417,68.7886],[17.4353,68.8705],[17.1005,68.9189],[17.2417,68.7886]]],[[[15.9881,68.7519],[15.8706,68.7864],[15.9088,68.9567],[15.6586,68.9522],[15.4517,68.7622],[15.7136,68.6986],[15.4517,68.73],[15.4583,68.6569],[15.1817,68.5222],[15.3358,68.4853],[14.9867,68.2475],[15.5422,68.5075],[15.3219,68.3403],[15.5889,68.305],[15.8556,68.4319],[15.9522,68.3767],[16.2219,68.5472],[16.5011,68.5525],[16.5444,68.7642],[16.4364,68.8475],[16.2042,68.8553],[15.7394,68.5261],[15.9881,68.7519]]],[[[16.5372,68.8797],[16.5725,68.9617],[16.2983,68.9903],[16.5372,68.8797]]],[[[15.3828,68.8453],[15.0878,69.008],[15.1486,68.8122],[14.9517,68.8606],[14.8867,68.7542],[14.6625,68.8275],[14.5294,68.805],[14.4367,68.6069],[14.9964,68.6983],[15.0092,68.7639],[15.1578,68.695],[14.8044,68.6125],[15.0703,68.5753],[15.3958,68.6767],[15.3828,68.8453]]],[[[17.4169,68.9958],[17.5614,69.095],[17.4103,69.0714],[17.4169,68.9958]]],[[[15.5225,68.9061],[16.0817,69.1528],[16.1264,69.3103],[15.5603,69.0947],[15.4211,68.9731],[15.4533,68.8753],[15.5225,68.9061]]],[[[17.6366,69.516],[17.4692,69.5978],[17.59,69.4553],[17.3106,69.5303],[17.2342,69.4556],[17.4903,69.4219],[16.8747,69.3603],[17.0891,69.3427],[16.8967,69.2997],[17.1428,69.2494],[16.8758,69.2214],[17.1739,69.1958],[16.7753,69.0644],[17.1261,69.0789],[17.0456,69.0033],[17.5222,69.1903],[18.0036,69.1903],[17.8758,69.2397],[18.0742,69.4308],[17.8442,69.5892],[17.6519,69.5942],[17.6366,69.516]]],[[[18.89,69.6919],[19.0578,69.7872],[18.6931,69.8844],[18.7514,69.6828],[18.3872,69.7944],[18.3517,69.7233],[18.6322,69.6897],[18.1972,69.7089],[18.2686,69.6192],[17.9994,69.5833],[18.1906,69.53],[18.7383,69.5578],[18.89,69.6919]]],[[[20.6803,69.8086],[20.73,69.9089],[20.5564,69.8511],[20.6803,69.8086]]],[[[29.8267,69.7569],[30.0481,69.8275],[29.8419,69.9103],[29.7164,69.7669],[29.8267,69.7569]]],[[[19.5672,69.8517],[19.7833,69.868],[19.8336,69.9986],[19.4594,69.8425],[19.5672,69.8517]]],[[[20.8926,70.0308],[20.7611,70.0019],[20.8392,69.9358],[21.1025,70.0047],[20.8926,70.0308]]],[[[19.3006,70.0261],[19.2192,70.0964],[18.725,69.9453],[19.1189,69.7894],[19.395,69.8278],[19.6814,69.9758],[19.5472,70.0508],[19.4236,69.9869],[19.3006,70.0261]]],[[[18.785,70.1114],[18.7086,69.9903],[19.0003,70.078],[18.785,70.1114]]],[[[19.6075,70.1019],[19.4008,70.1764],[19.3642,70.1231],[19.6075,70.1019]]],[[[20.8319,70.1939],[20.5542,70.2256],[20.4244,70.0675],[20.7947,70.0597],[20.8319,70.1939]]],[[[19.1853,70.1225],[19.2189,70.2572],[19.0336,70.1611],[19.1853,70.1225]]],[[[20.1128,70.1047],[19.6736,70.2878],[19.58,70.2669],[19.77,70.0653],[20.1128,70.1047]]],[[[22.8347,70.3322],[22.6644,70.3914],[22.3686,70.3344],[23.0092,70.2494],[22.8347,70.3322]]],[[[23.5958,70.5781],[23.3889,70.6203],[23.4067,70.5553],[22.8961,70.4483],[23.1203,70.2789],[23.6439,70.4383],[23.5958,70.5781]]],[[[23.8711,70.5122],[24.1258,70.6153],[23.7072,70.7472],[23.7042,70.5525],[23.8711,70.5122]]],[[[23.4517,70.7836],[23.33,70.8631],[23.3403,70.7836],[23.16,70.7886],[22.9806,70.6586],[22.7225,70.7439],[22.8053,70.6405],[22.6061,70.6358],[22.5339,70.7119],[21.9606,70.6578],[22.0147,70.6044],[22.2678,70.5972],[22.1403,70.468],[23.0889,70.5811],[23.4517,70.7836]]],[[[24.0619,70.9089],[24.2225,70.9947],[23.9886,71.0269],[23.8794,70.9881],[24.0619,70.9089]]],[[[24.7994,71.0239],[24.7533,71.1044],[24.6406,71.0558],[24.7994,71.0239]]],[[[25.8281,71.0986],[25.7847,71.1547],[25.3139,71.0697],[25.3075,71.008],[25.5597,71.0122],[25.4167,70.9822],[25.5389,70.9261],[26.2003,71.0053],[26.1972,71.045],[25.9397,71.0008],[26.0283,71.1144],[25.8281,71.0986]]]]},"properties":{"name":"Norway","iso2":"NO","iso3":"NOR"}},
{"type":"Feature","geometry":{"type":"Polygon","coordinates":[[[18.8512,49.5174],[18.9686,49.4817],[18.9781,49.3967],[19.1636,49.4006],[19.2703,49.5278],[19.4756,49.6],[19.6586,49.4067],[19.7903,49.4067],[19.7711,49.2064],[19.9747,49.2272],[20.0744,49.1753],[20.1436,49.315],[20.3606,49.3931],[20.7408,49.3889],[20.9164,49.2961],[21.0761,49.4236],[21.6189,49.4364],[21.9569,49.3414],[22.0378,49.2108],[22.5581,49.0794],[22.5628,49.085],[22.5949,49.0915],[22.7378,49.0472],[22.8689,49.0019],[22.8642,49.0386],[22.8631,49.0589],[22.8778,49.0867],[22.7092,49.163],[22.7,49.1697],[22.705,49.1805],[22.7267,49.2178],[22.76,49.2819],[22.7394,49.3867],[22.7294,49.4017],[22.6581,49.5358],[22.6761,49.5664],[22.78,49.675],[23.1461,49.983],[23.2328,50.05],[23.3244,50.1153],[23.3428,50.1275],[23.4961,50.2208],[23.5689,50.2558],[23.6863,50.3379],[23.7078,50.3805],[23.7211,50.3853],[23.7558,50.3944],[23.9294,50.4036],[23.9917,50.4072],[24.005,50.4172],[24.1114,50.5669],[24.0722,50.6958],[23.9547,50.7872],[23.9531,50.8007],[23.9644,50.8244],[24.0769,50.8294],[24.1306,50.835],[24.1422,50.8611],[24.0928,50.8811],[24.0356,50.8969],[23.9883,50.9311],[23.9317,50.9941],[23.9044,51.0694],[23.7319,51.2147],[23.6822,51.3711],[23.6542,51.4847],[23.6248,51.4882],[23.6167,51.4936],[23.6111,51.5033],[23.6046,51.5277],[23.535,51.6536],[23.6386,52.0794],[23.1654,52.2823],[23.3972,52.5144],[23.9408,52.7322],[23.9331,53.0142],[23.504,53.947],[23.5081,53.9605],[23.4942,54.1172],[23.3503,54.2389],[23.3331,54.2472],[23.1158,54.3044],[23,54.383],[22.8703,54.408],[22.8436,54.4069],[22.8108,54.3944],[22.7859,54.3638],[22.63,54.3489],[22.4339,54.3455],[22.3053,54.3411],[22.2656,54.338],[21.9819,54.3328],[21.7328,54.3308],[21.6256,54.3297],[21.5704,54.3282],[21.4119,54.3258],[21.1264,54.3417],[20.3717,54.3878],[20.3291,54.3938],[20.1586,54.4119],[19.797,54.4376],[19.3711,54.2686],[19.2275,54.3319],[19.4081,54.3589],[19.6511,54.4558],[19.3744,54.3736],[18.8511,54.3503],[18.5828,54.4353],[18.4053,54.7431],[18.7044,54.6944],[18.8233,54.5928],[18.74,54.6853],[18.335,54.8367],[17.9189,54.8267],[16.5436,54.5447],[16.1747,54.2592],[15.3108,54.1494],[14.3831,53.9131],[14.2256,53.9286],[14.3372,53.805],[14.4122,53.8667],[14.6142,53.8164],[14.525,53.6606],[14.2756,53.6991],[14.4133,53.339],[14.4131,53.3303],[14.4128,53.3044],[14.3917,53.1442],[14.3525,53.0528],[14.2997,53.0214],[14.2219,52.9875],[14.1492,52.8628],[14.3489,52.7517],[14.4483,52.6753],[14.5058,52.6414],[14.5278,52.6361],[14.6403,52.5725],[14.6414,52.57],[14.5461,52.4269],[14.5344,52.3978],[14.6017,52.2711],[14.6925,52.2544],[14.7608,52.0699],[14.7166,51.9411],[14.6481,51.8669],[14.6403,51.8622],[14.605,51.8439],[14.6033,51.8411],[14.5992,51.8214],[14.6633,51.7286],[14.6783,51.7142],[14.7158,51.6942],[14.7564,51.6675],[14.7611,51.6172],[14.76,51.6044],[14.715,51.5547],[14.9211,51.4819],[14.9756,51.4408],[14.9806,51.3383],[15.0097,51.3125],[14.9789,51.0783],[14.9664,51.0536],[14.8278,50.8869],[14.8242,50.8819],[14.8283,50.8658],[15.0053,50.8672],[15.0106,50.9842],[15.1769,51.0147],[15.3797,50.7794],[15.7875,50.7442],[16.0244,50.63],[16.3419,50.6611],[16.4481,50.5728],[16.2058,50.4239],[16.4414,50.3167],[16.6419,50.1083],[17.0022,50.2169],[16.8903,50.4394],[17.4331,50.2703],[17.6336,50.2655],[17.7228,50.3197],[17.7625,50.2056],[17.5986,50.1617],[17.6578,50.1081],[17.8828,49.9769],[18.0532,50.0559],[18.2703,49.9578],[18.5772,49.9144],[18.6342,49.7378],[18.8117,49.6722],[18.8512,49.5174]]]},"properties":{"name":"Poland","iso2":"PL","iso3":"POL"}},
{"type":"Feature","geometry":{"type":"Polygon","coordinates":[[[-7.4318,37.2532],[-7.5244,37.5525],[-7.2544,37.9875],[-7.0067,38.0281],[-6.9392,38.1781],[-6.9478,38.2183],[-7.0878,38.1744],[-7.3211,38.4494],[-7.2572,38.7283],[-7.0842,38.8355],[-6.9548,39.0264],[-7.005,39.1072],[-7.1425,39.1111],[-7.2428,39.2131],[-7.5325,39.6694],[-7.0172,39.675],[-6.8706,40.0217],[-7.0272,40.1878],[-6.8623,40.2715],[-6.7961,40.5244],[-6.8039,40.8742],[-6.9317,41.0181],[-6.7803,41.0636],[-6.6439,41.2447],[-6.4381,41.3189],[-6.1872,41.5797],[-6.3036,41.6633],[-6.5394,41.6794],[-6.5942,41.9536],[-7.0631,41.9514],[-7.1336,41.995],[-7.2006,41.8836],[-7.4106,41.8233],[-7.6078,41.8311],[-7.6925,41.905],[-8.1406,41.8092],[-8.2186,41.9136],[-8.0797,42.0542],[-8.2012,42.1527],[-8.6069,42.0592],[-8.745,41.9525],[-8.8794,41.8439],[-8.8817,41.7567],[-8.6455,41.0186],[-8.7353,40.6803],[-8.6783,40.7758],[-8.6608,40.6872],[-8.7769,40.5625],[-8.8628,40.1308],[-9.0856,39.615],[-9.3575,39.365],[-9.4844,38.71],[-9.12,38.7142],[-8.9844,38.9478],[-8.9197,38.7659],[-9.0744,38.6311],[-9.2786,38.6686],[-9.1839,38.4197],[-8.7689,38.5172],[-8.6733,38.4139],[-8.8025,38.3744],[-8.7959,37.4425],[-8.9903,37.023],[-8.6589,37.1089],[-8.1753,37.0922],[-7.8978,37.0089],[-7.4236,37.175],[-7.4318,37.2532]]]},"properties":{"name":"Portugal","iso2":"PT","iso3":"PRT"}},
{"type":"Feature","geometry":{"type":"Polygon","coordinates":[[[28.5832,43.7478],[28.6603,43.9755],[28.635,44.3119],[28.9278,44.6175],[28.7575,44.5197],[28.7558,44.618],[28.9603,44.6897],[28.9517,44.6289],[28.9953,44.6808],[28.8997,44.7108],[28.7791,44.6571],[28.9497,44.8214],[28.8683,44.943],[29.0472,45.0028],[29.1119,44.9689],[29.0394,44.9205],[29.0675,44.8228],[29.2142,44.7931],[29.5997,44.8375],[29.6725,45.2764],[29.655,45.3278],[29.6369,45.3503],[29.5894,45.3855],[29.5183,45.4086],[29.4114,45.4358],[29.2172,45.4247],[28.9681,45.3211],[28.7853,45.23],[28.6883,45.2208],[28.3758,45.3005],[28.3119,45.343],[28.3108,45.3447],[28.2947,45.3703],[28.2878,45.3828],[28.2839,45.3988],[28.2792,45.4308],[28.2293,45.4492],[28.2148,45.4486],[28.0692,45.5833],[28.1625,45.6319],[28.0914,46.0758],[28.2525,46.4358],[28.0819,46.9805],[27.7981,47.1525],[27.2994,47.6586],[27.0006,48.1555],[26.8086,48.2494],[26.635,48.2572],[26.5297,48.2075],[26.4992,48.2153],[26.4747,48.2178],[26.3149,48.1862],[26.1978,48.0044],[26.1836,47.9955],[26.15,47.9822],[26.0372,47.9836],[25.8333,47.9625],[25.8172,47.9553],[25.255,47.8919],[25.2303,47.8814],[25.1794,47.83],[25.1708,47.8167],[25.1483,47.7844],[25.1239,47.7639],[25.0494,47.7333],[25.0297,47.7289],[24.9536,47.7194],[24.9289,47.7131],[24.9014,47.7142],[24.8919,47.7214],[24.8164,47.813],[24.8028,47.8178],[24.6706,47.8656],[24.6686,47.8772],[24.6739,47.8928],[24.6728,47.8967],[24.5723,47.9495],[24.4278,47.9592],[24.1369,47.91],[24.0267,47.9569],[23.9697,47.9614],[23.5661,48],[23.5122,47.9858],[23.5092,47.9833],[23.4806,47.9775],[23.3561,48.0211],[23.2994,48.0439],[23.2961,48.0464],[23.2814,48.0722],[23.2769,48.0783],[23.2564,48.0919],[23.1478,48.1042],[23.1239,48.0883],[23.1108,48.0544],[23.0997,48.0289],[23.0433,47.993],[22.93,47.9605],[22.8961,47.9539],[22.8948,47.9545],[22.7828,47.8492],[22.7744,47.8364],[22.6536,47.7764],[22.4544,47.7964],[22.2769,47.7286],[22.0153,47.5144],[22.0097,47.3808],[21.6511,47.0297],[21.6958,47.0008],[21.5197,46.8153],[21.5219,46.7128],[21.3267,46.62],[21.1767,46.2956],[21.0594,46.2392],[20.8203,46.2747],[20.6247,46.1303],[20.487,46.1811],[20.261,46.1149],[20.7133,45.7439],[20.8014,45.7642],[20.8083,45.4789],[21.0489,45.3164],[21.5136,45.1511],[21.3669,45.0083],[21.5586,44.8961],[21.3661,44.8644],[21.4004,44.7808],[21.5883,44.7633],[21.6494,44.6578],[21.9939,44.6356],[22.1464,44.4792],[22.3136,44.6642],[22.4792,44.7103],[22.7649,44.559],[22.4573,44.4744],[22.6814,44.2247],[23.0442,44.0761],[22.8797,43.9817],[22.8753,43.8425],[23.0715,43.8022],[23.4271,43.8552],[24.18,43.6847],[24.5064,43.7622],[25.4302,43.6268],[25.7725,43.7055],[26.1442,43.9864],[27.0364,44.1473],[27.2727,44.1321],[27.4,44.0219],[27.6561,44.0425],[27.7364,43.9597],[27.9189,44.0055],[28.0472,43.8317],[28.5832,43.7478]]]},"properties":{"name":"Romania","iso2":"RO","iso3":"ROU"}},
{"type":"Feature","geometry":{"type":"Polygon","coordinates":[[[28.2148,45.4486],[28.2161,45.4655],[28.238,45.5033],[28.2436,45.5089],[28.3664,45.5178],[28.405,45.5111],[28.4775,45.5064],[28.5119,45.5119],[28.5228,45.5178],[28.5306,45.5317],[28.5283,45.6447],[28.4922,45.6619],[28.655,45.7725],[28.6753,45.7753],[28.7514,45.9228],[28.7494,45.9503],[28.7558,45.96],[28.8011,45.9725],[28.8294,45.9783],[28.9767,46.0131],[29.0406,46.1978],[28.95,46.2894],[28.9358,46.4358],[28.9833,46.4725],[29.0347,46.4953],[29.1739,46.5397],[29.2233,46.5225],[29.2247,46.413],[29.2103,46.3942],[29.2025,46.3853],[29.2014,46.3775],[29.2128,46.3672],[29.2383,46.3683],[29.3067,46.4022],[29.3508,46.47],[29.4955,46.4911],[29.5075,46.4811],[29.4942,46.4525],[29.4922,46.4403],[29.4997,46.4322],[29.6064,46.375],[29.6208,46.3703],[29.6392,46.3683],[29.7358,46.4425],[29.8253,46.3686],[29.8664,46.3464],[29.9131,46.3789],[29.93,46.3836],[30.1169,46.3861],[30.1286,46.4022],[30.1322,46.4097],[30.124,46.4243],[30.1092,46.4286],[30.0905,46.4297],[29.9055,46.5551],[29.9214,46.56],[29.9628,46.565],[29.9728,46.7344],[29.95,46.8142],[29.8594,46.8644],[29.7375,46.8903],[29.5739,46.9503],[29.573,47.1447],[29.6003,47.2678],[29.5905,47.3103],[29.5711,47.3367],[29.5639,47.3411],[29.5172,47.3467],[29.4964,47.3441],[29.4872,47.308],[29.4283,47.2861],[29.3817,47.3544],[29.2994,47.4222],[29.2436,47.4589],[29.2256,47.4533],[29.2203,47.4475],[29.2044,47.4347],[29.1867,47.44],[29.1408,47.5614],[29.1633,47.5842],[29.198,47.6122],[29.2567,47.7605],[29.2583,47.7686],[29.1419,47.9861],[29.1119,47.9872],[29.0736,47.9783],[29.0669,47.9628],[29.0597,47.9478],[29.0228,47.9322],[28.9672,47.9433],[28.9561,47.95],[28.8798,48.0105],[28.825,48.1142],[28.8119,48.1236],[28.5672,48.163],[28.5608,48.163],[28.5019,48.1342],[28.3886,48.1639],[28.3644,48.1858],[28.3739,48.2092],[28.3656,48.2336],[28.3567,48.2411],[28.2861,48.2347],[28.238,48.2075],[28.2036,48.2078],[28.0892,48.2308],[28.0825,48.2394],[28.0942,48.275],[28.0953,48.2961],[28.0856,48.3075],[27.9631,48.325],[27.9322,48.3375],[27.8936,48.3614],[27.8625,48.4028],[27.7556,48.4514],[27.5195,48.4655],[27.4542,48.4397],[27.245,48.3689],[26.8083,48.3331],[26.6989,48.343],[26.6431,48.2875],[26.6364,48.2722],[26.635,48.2572],[26.8086,48.2494],[27.0006,48.1555],[27.2994,47.6586],[27.7981,47.1525],[28.0819,46.9805],[28.2525,46.4358],[28.0914,46.0758],[28.1625,45.6319],[28.0692,45.5833],[28.2148,45.4486]]]},"properties":{"name":"Republic of Moldova","iso2":"MD","iso3":"MDA"}},
{"type":"Feature","geometry":{"type":"Polygon","coordinates":[[[13.7187,46.5266],[13.7189,46.5142],[13.7111,46.4928],[13.6894,46.4475],[13.6578,46.4497],[13.3831,46.2972],[13.3839,46.2931],[13.4161,46.2133],[13.4858,46.2325],[13.6578,46.1875],[13.6692,46.1775],[13.6669,46.1703],[13.5936,46.1053],[13.5169,45.9819],[13.5425,45.9675],[13.5603,45.9728],[13.5806,45.9911],[13.5847,45.9925],[13.6269,45.9922],[13.6322,45.9911],[13.6367,45.9853],[13.6356,45.9522],[13.6117,45.9022],[13.5911,45.8892],[13.5778,45.8542],[13.5958,45.8136],[13.6106,45.8055],[13.6975,45.7842],[13.8353,45.7178],[13.9192,45.6375],[13.8636,45.5892],[13.7169,45.5961],[13.7494,45.5469],[13.5894,45.5169],[13.6789,45.445],[13.9958,45.4719],[14.3875,45.4853],[14.4072,45.4892],[14.4858,45.5297],[14.565,45.665],[14.6097,45.6719],[14.6122,45.6642],[14.6156,45.6172],[14.7236,45.5314],[14.8317,45.4655],[14.9186,45.4931],[15.1506,45.4319],[15.1745,45.4258],[15.3064,45.5348],[15.3526,45.6518],[15.3656,45.7097],[15.2833,45.6947],[15.3092,45.7519],[15.3225,45.7614],[15.6203,45.8422],[15.6508,45.8231],[15.7194,46.0389],[15.7147,46.0536],[15.7069,46.0575],[15.6792,46.0658],[15.6364,46.0822],[15.6294,46.0869],[15.5997,46.1425],[15.6119,46.1669],[15.6492,46.2139],[15.6767,46.2267],[16.0172,46.2981],[16.0833,46.3342],[16.0794,46.35],[16.2661,46.4194],[16.25,46.4861],[16.2519,46.4989],[16.2583,46.5069],[16.3356,46.5339],[16.4614,46.5217],[16.4936,46.5106],[16.4958,46.5075],[16.4981,46.5014],[16.5178,46.4916],[16.5847,46.4731],[16.5993,46.475],[16.6079,46.4762],[16.3242,46.7572],[16.3461,46.8469],[16.1118,46.8697],[15.8683,46.7231],[14.8706,46.6158],[14.8117,46.51],[14.545,46.4075],[13.7187,46.5266]]]},"properties":{"name":"Slovenia","iso2":"SI","iso3":"SVN"}},
{"type":"Feature","geometry":{"type":"MultiPolygon","coordinates":[[[[1.7236,42.5094],[1.6611,42.4714],[1.4547,42.4417],[1.4242,42.4933],[1.4458,42.6019],[1.4172,42.6508],[1.3903,42.6883],[1.3592,42.7153],[1.1739,42.7097],[1.0917,42.7844],[0.72,42.8592],[0.6755,42.6885],[0.1786,42.7353],[-0.0506,42.6919],[-0.3087,42.8484],[-0.5622,42.7814],[-0.7467,42.9656],[-0.9342,42.9525],[-1.3003,43.0717],[-1.4344,43.0456],[-1.3914,43.2628],[-1.7304,43.299],[-1.7809,43.3599],[-2.2956,43.2961],[-2.9278,43.4358],[-3.0222,43.3575],[-3.1506,43.3536],[-3.5856,43.5103],[-4.5145,43.3963],[-5.2075,43.4778],[-5.3981,43.5525],[-5.6778,43.5439],[-5.8542,43.648],[-6.095,43.5619],[-6.9433,43.5778],[-7.0448,43.4904],[-7.0386,43.5575],[-7.2408,43.5592],[-7.4636,43.7264],[-7.8506,43.7147],[-7.8658,43.7722],[-8.2656,43.5528],[-8.3297,43.4039],[-8.7014,43.2872],[-8.8244,43.3272],[-8.9503,43.2936],[-8.9522,43.2306],[-9.2069,43.1575],[-9.2592,43.0472],[-9.2933,42.9225],[-9.185,42.9525],[-9.1058,42.7525],[-8.9117,42.7933],[-9.0203,42.7047],[-9.0358,42.5253],[-8.7215,42.7011],[-8.8361,42.4619],[-8.9083,42.4675],[-8.8408,42.3914],[-8.6561,42.4278],[-8.8639,42.2481],[-8.5797,42.3517],[-8.8986,42.1081],[-8.8817,41.8833],[-8.745,41.9525],[-8.6069,42.0592],[-8.2012,42.1527],[-8.0797,42.0542],[-8.2186,41.9136],[-8.1406,41.8092],[-7.6925,41.905],[-7.6078,41.8311],[-7.4106,41.8233],[-7.2006,41.8836],[-7.1336,41.995],[-7.0631,41.9514],[-6.5942,41.9536],[-6.5394,41.6794],[-6.3036,41.6633],[-6.1872,41.5797],[-6.4381,41.3189],[-6.6439,41.2447],[-6.7803,41.0636],[-6.9317,41.0181],[-6.8039,40.8742],[-6.7961,40.5244],[-6.8623,40.2715],[-7.0272,40.1878],[-6.8706,40.0217],[-7.0172,39.675],[-7.5325,39.6694],[-7.2428,39.2131],[-7.1425,39.1111],[-7.005,39.1072],[-6.9548,39.0264],[-7.0842,38.8355],[-7.2572,38.7283],[-7.3211,38.4494],[-7.0878,38.1744],[-6.9478,38.2183],[-6.9392,38.1781],[-7.0067,38.0281],[-7.2544,37.9875],[-7.5244,37.5525],[-7.4318,37.2532],[-7.3842,37.1697],[-7.1272,37.2206],[-6.9722,37.1778],[-6.9599,37.2218],[-6.5789,37.0194],[-6.3556,36.8608],[-6.435,36.6972],[-6.1728,36.5122],[-6.2614,36.47],[-6.0508,36.1919],[-5.9114,36.1792],[-5.6136,36.0061],[-5.4253,36.0708],[-5.4317,36.1692],[-5.3345,36.1626],[-5.1719,36.4128],[-4.9139,36.4989],[-4.6331,36.5106],[-4.3983,36.7222],[-3.5953,36.7469],[-3.4528,36.6917],[-2.9289,36.7497],[-2.7689,36.6783],[-2.6394,36.7011],[-2.5553,36.8147],[-2.3503,36.8408],[-2.1875,36.7164],[-2.1167,36.7356],[-1.6436,37.3728],[-1.3275,37.5581],[-0.9217,37.5514],[-0.7156,37.6069],[-0.86,37.7167],[-0.5117,38.325],[0.2072,38.7322],[0.2014,38.8017],[-0.0331,38.8843],[-0.1825,39.0292],[-0.3261,39.4947],[0.0489,40.0361],[0.3544,40.2986],[0.5419,40.5692],[0.7381,40.6397],[0.6072,40.5758],[0.6897,40.5717],[0.9028,40.7197],[0.7042,40.813],[0.9931,41.0481],[2.1108,41.2858],[2.2731,41.4633],[2.9319,41.7158],[3.1753,41.8675],[3.2133,42.0611],[3.1164,42.2214],[3.2628,42.2408],[3.3192,42.3214],[3.1708,42.3575],[3.1777,42.4368],[2.95,42.4806],[2.5419,42.3325],[2.2692,42.4372],[2.0239,42.3522],[1.7236,42.5094]]],[[[-5.3194,35.8769],[-5.3956,35.9163],[-5.3458,35.8417],[-5.3194,35.8769]]],[[[1.5778,38.6878],[1.3831,38.7206],[1.3903,38.6433],[1.5778,38.6878]]],[[[1.5317,38.9519],[1.615,39.0283],[1.5197,39.1183],[1.3036,39.0386],[1.2119,38.8983],[1.3719,38.8308],[1.5317,38.9519]]],[[[3.2478,39.7347],[3.1383,39.7875],[3.0969,39.9114],[2.9878,39.9111],[2.6839,39.7939],[2.3642,39.5558],[2.6944,39.5519],[2.7864,39.3647],[3.0636,39.2636],[3.2419,39.3644],[3.4636,39.6614],[3.4803,39.7217],[3.3828,39.7733],[3.2478,39.7347]]],[[[4.2733,39.9614],[4.1744,40.0503],[3.7969,40.0172],[3.8267,39.9225],[4.0286,39.92],[4.2764,39.8064],[4.2733,39.9614]]]]},"properties":{"name":"Spain","iso2":"ES","iso3":"ESP"}},
{"type":"Feature","geometry":{"type":"MultiPolygon","coordinates":[[[[20.5809,69.0603],[20.0969,69.0422],[20.3503,68.7867],[19.9564,68.5439],[20.2111,68.4822],[19.9378,68.3375],[18.9522,68.4878],[18.6119,68.4753],[18.3581,68.5392],[18.0908,68.5078],[18.1553,68.1661],[17.8842,67.9455],[17.2736,68.0905],[16.7269,67.8992],[16.5083,67.6092],[16.0858,67.4117],[16.3614,67.2378],[16.3539,67.0178],[15.3628,66.48],[15.4681,66.2839],[15.0253,66.15],[14.505,66.1325],[14.6347,65.8269],[14.4931,65.3136],[13.6625,64.5828],[14.1164,64.4706],[14.1467,64.1739],[13.9817,64.013],[13.23,64.093],[12.9381,64.0533],[12.6339,63.9428],[12.1394,63.5842],[12.195,63.4853],[11.9364,63.2722],[12.1686,63.0158],[12.0289,62.8925],[12.0475,62.59],[12.2958,62.2617],[12.1244,61.7286],[12.8561,61.3625],[12.6378,61.0575],[12.21,61.0025],[12.6058,60.48],[12.4769,60.0764],[12.14,59.8883],[11.816,59.8461],[11.9008,59.7011],[11.6662,59.5955],[11.7969,59.2753],[11.7511,59.0903],[11.6214,58.9047],[11.4392,58.8853],[11.4292,58.9876],[11.315,59.1014],[11.1133,59.0036],[11.2314,58.8453],[11.2014,58.3994],[11.5158,58.2319],[11.7233,58.3289],[11.7981,58.3183],[11.8861,58.2119],[11.6681,57.8458],[11.6989,57.6972],[11.8878,57.6939],[11.9042,57.4219],[11.9861,57.3414],[12.0369,57.4569],[12.095,57.4269],[12.11,57.25],[12.3503,56.9144],[12.5794,56.8303],[12.7253,56.6397],[12.8875,56.6383],[12.9011,56.4572],[12.6797,56.4664],[12.6222,56.4119],[12.8133,56.2328],[12.4517,56.2978],[13.0597,55.6931],[12.9147,55.5656],[12.9822,55.4006],[13.3447,55.3392],[13.7306,55.4256],[14.1935,55.3861],[14.3728,55.5378],[14.1911,55.7314],[14.3303,55.9369],[14.5589,56.0572],[14.7383,56.0108],[14.6967,56.1611],[15.3753,56.1381],[15.5981,56.1947],[15.8656,56.0922],[16.375,56.7208],[16.4928,57.0392],[16.5847,57.0439],[16.4647,57.2644],[16.6714,57.4108],[16.6256,57.6197],[16.7125,57.7],[16.4186,57.8933],[16.7007,57.7402],[16.4956,57.9856],[16.6136,57.8922],[16.7706,57.8844],[16.7331,57.9711],[16.6139,57.9869],[16.7503,58.0128],[16.8258,58.1767],[16.77,58.3672],[16.4133,58.4747],[16.7378,58.4286],[16.9386,58.4842],[16.7108,58.6067],[16.2933,58.6136],[16.2336,58.6631],[17.0344,58.6372],[17.1456,58.7003],[17.0328,58.7505],[17.2711,58.7369],[17.5789,58.8456],[17.6639,59.1683],[17.8947,58.8589],[18.0214,59.0419],[18.3114,59.1325],[18.2772,59.3108],[18.6503,59.3192],[18.4344,59.4336],[18.4667,59.3303],[18.2894,59.3686],[17.8472,59.2644],[17.3508,59.3244],[17.3758,59.2475],[17.2539,59.2589],[17.3106,59.3489],[16.8403,59.4894],[16.6928,59.4714],[16.8811,59.3817],[16.67,59.4731],[16.1814,59.4394],[16.0203,59.495],[16.4725,59.4975],[16.5519,59.6106],[16.6617,59.5481],[16.865,59.5847],[17.41,59.4692],[17.3836,59.655],[17.5439,59.4917],[17.7311,59.4428],[17.7867,59.5358],[17.5612,59.6684],[17.6183,59.7314],[17.5131,59.7064],[17.5432,59.573],[17.4447,59.6761],[17.5942,59.8069],[17.6542,59.7181],[17.5922,59.6561],[17.7106,59.6189],[17.7172,59.6633],[17.8453,59.5331],[17.7644,59.4006],[18.0914,59.3344],[18.1156,59.453],[18.3314,59.3925],[18.2706,59.475],[18.6456,59.5806],[18.7456,59.6892],[19.0753,59.7406],[18.8647,59.7981],[18.9361,59.87],[19.0592,59.8231],[19.0706,59.8897],[18.9097,59.9358],[18.8164,60.0964],[18.4217,60.1872],[18.3153,60.3133],[18.6078,60.2372],[18.4319,60.3439],[18.2278,60.3303],[17.9583,60.5942],[17.6931,60.4961],[17.6092,60.6322],[17.3771,60.619],[17.2753,60.6761],[17.2761,60.843],[17.1506,60.945],[17.2136,61.3256],[17.1028,61.3969],[17.2228,61.4419],[17.0986,61.6028],[17.2717,61.6831],[17.1403,61.7197],[17.3394,61.7125],[17.4936,61.6308],[17.3497,61.9453],[17.5095,62.2289],[17.6547,62.2311],[17.3758,62.3244],[17.3289,62.4869],[17.4225,62.5372],[17.6714,62.4378],[18.0447,62.5892],[17.8778,62.6597],[17.9914,62.6531],[17.9947,62.7306],[17.6967,62.9919],[17.8283,62.9933],[17.9747,62.8114],[18.0733,62.8367],[18.0828,62.7811],[18.2086,62.7786],[18.5803,62.9556],[18.2892,62.9972],[18.7223,63.2066],[18.7847,63.1619],[18.8975,63.1917],[18.8011,63.2449],[18.8897,63.2736],[19.0667,63.1786],[19.2894,63.4594],[19.4736,63.453],[19.4281,63.5494],[19.705,63.4319],[19.8994,63.6092],[20.2986,63.6464],[20.4997,63.8228],[20.7778,63.8692],[20.9575,64.1394],[21.585,64.4397],[21.5542,64.5325],[21.1189,64.6814],[21.1362,64.7254],[21.305,64.6619],[21.3022,64.7656],[21.0369,64.8358],[21.1831,64.83],[21.2439,64.9478],[21.5772,65.0578],[21.6214,65.1422],[21.2664,65.3411],[21.3381,65.3697],[21.6547,65.2442],[21.7047,65.2875],[21.4742,65.3867],[21.9294,65.398],[22.0303,65.4622],[21.8525,65.53],[22.1992,65.5453],[21.7669,65.7225],[22.4058,65.5353],[22.3856,65.6289],[22.2897,65.6683],[22.2491,65.6325],[22.3292,65.8297],[22.4792,65.8511],[22.66,65.7519],[22.6447,65.9055],[23.0811,65.6989],[23.2497,65.8008],[23.9283,65.7569],[24.167,65.814],[23.6619,66.3122],[23.6467,66.4483],[23.8786,66.5572],[24.0078,66.8006],[23.5717,67.1567],[23.7678,67.4161],[23.4311,67.4655],[23.4833,67.8631],[23.6569,67.9508],[22.8236,68.388],[22.0506,68.4792],[20.8953,68.8936],[20.8667,69.005],[20.5809,69.0603]]],[[[16.8367,56.8269],[17.1242,57.3208],[17.0567,57.3592],[16.4203,56.5864],[16.4297,56.2089],[16.8367,56.8269]]],[[[18.2061,56.9119],[18.3025,56.9375],[18.3972,57.1342],[18.7119,57.2417],[18.8092,57.7036],[19.0333,57.8269],[19.0047,57.9086],[18.6819,57.9136],[18.1192,57.5311],[18.2544,57.0792],[18.2061,56.9119]]],[[[19.3344,57.9558],[19.0958,57.9736],[19.0375,57.8964],[19.1261,57.8397],[19.1628,57.9269],[19.3344,57.9558]]],[[[11.5944,57.9325],[11.7359,58.0417],[11.5019,58.0367],[11.5944,57.9325]]],[[[11.8064,58.1206],[11.81,58.2244],[11.6775,58.2867],[11.4011,58.1303],[11.465,58.0661],[11.8064,58.1206]]],[[[19.2369,58.3372],[19.3311,58.3661],[19.1867,58.3914],[19.2369,58.3372]]],[[[18.5372,59.2239],[18.6103,59.2542],[18.3919,59.2903],[18.5372,59.2239]]],[[[17.7347,59.2961],[17.5236,59.4228],[17.6228,59.3053],[17.8175,59.2778],[17.7347,59.2961]]],[[[17.2664,59.3744],[17.2669,59.4442],[17.07,59.4594],[17.2664,59.3744]]],[[[18.5756,59.4483],[18.7469,59.545],[18.5703,59.5264],[18.5756,59.4483]]],[[[18.57,60.3078],[18.3806,60.5039],[18.4011,60.3653],[18.57,60.3078]]],[[[18.0608,62.6708],[18.1414,62.7392],[18.0392,62.7356],[18.0608,62.6708]]]]},"properties":{"name":"Sweden","iso2":"SE","iso3":"SWE"}},
{"type":"Feature","geometry":{"type":"Polygon","coordinates":[[[9.5986,47.0638],[9.4746,47.0575],[9.5336,47.2745],[9.6731,47.395],[9.5667,47.5405],[9.2611,47.6628],[9.0869,47.685],[9.0425,47.6889],[9.005,47.6825],[8.9342,47.6531],[8.905,47.6503],[8.8558,47.6989],[8.8353,47.718],[8.7778,47.7228],[8.7728,47.7133],[8.8001,47.6817],[8.7307,47.7057],[8.735,47.7614],[8.6856,47.7867],[8.6086,47.8042],[8.5597,47.8064],[8.4072,47.6997],[8.4953,47.6472],[8.6208,47.6611],[8.6269,47.6561],[8.6292,47.6461],[8.5764,47.5914],[8.5622,47.6214],[8.5583,47.6233],[8.5111,47.6311],[8.465,47.6025],[8.2925,47.6058],[8.2833,47.6131],[8.2408,47.6194],[8.1081,47.5783],[8.1025,47.5683],[8.0922,47.5617],[8.0867,47.5606],[7.9064,47.5581],[7.6972,47.5433],[7.67,47.5764],[7.6769,47.6036],[7.5883,47.5845],[7.5672,47.5836],[7.5508,47.5764],[7.4972,47.5444],[7.5022,47.5005],[7.4331,47.4605],[7.3825,47.4325],[7.3369,47.4394],[7.2514,47.4219],[7.1783,47.4458],[7.025,47.508],[6.8844,47.3728],[6.88,47.3603],[6.8811,47.3569],[6.9808,47.3617],[6.9717,47.2919],[6.8375,47.1711],[6.8389,47.1678],[6.7933,47.1308],[6.6783,47.0342],[6.6397,47.0042],[6.6208,46.9944],[6.4469,46.8394],[6.4575,46.7808],[6.3667,46.7206],[6.3467,46.7114],[6.1272,46.5858],[6.0869,46.4494],[6.0711,46.4264],[6.1517,46.3864],[6.1586,46.37],[6.115,46.3055],[6.1061,46.2975],[6.1172,46.2606],[6.1078,46.2531],[6.0725,46.2497],[6.0092,46.2339],[5.9681,46.2125],[5.9667,46.2094],[5.9964,46.1469],[6.1236,46.148],[6.1858,46.1708],[6.2456,46.2183],[6.2256,46.3225],[6.23,46.3339],[6.2433,46.355],[6.2464,46.3578],[6.3111,46.4014],[6.4919,46.453],[6.52,46.4592],[6.6336,46.4642],[6.7378,46.4475],[6.807,46.4042],[6.7811,46.1625],[6.7881,46.1422],[6.8739,46.0881],[7.0381,45.9319],[7.0778,45.8969],[7.0994,45.8836],[7.105,45.8822],[7.1831,45.8792],[7.1886,45.8792],[7.2956,45.9231],[7.3389,45.9206],[7.6475,45.9811],[7.7433,45.9322],[7.8483,45.9188],[7.8557,45.9191],[7.8767,45.9725],[8.0086,46.0083],[8.1503,46.1531],[8.1594,46.1808],[8.1583,46.1889],[8.3,46.4197],[8.4303,46.4631],[8.4475,46.4619],[8.4661,46.3772],[8.4658,46.368],[8.4475,46.3233],[8.435,46.2953],[8.4456,46.2458],[8.6178,46.1203],[8.7472,46.1211],[8.8183,46.1006],[8.8353,46.0894],[8.8467,46.0792],[8.8525,46.0569],[8.85,46.0544],[8.8131,45.9886],[8.8956,45.9558],[8.9267,45.9008],[8.9367,45.8728],[8.9361,45.8689],[8.9983,45.8294],[9.0839,45.8956],[9.0856,45.9019],[9.0794,45.9158],[9.025,45.9358],[9.0175,45.9442],[8.9981,45.9769],[9.0358,46.0572],[9.1586,46.1717],[9.1894,46.1867],[9.2434,46.2367],[9.2933,46.3267],[9.2969,46.3531],[9.2806,46.4233],[9.2569,46.4314],[9.25,46.4403],[9.2969,46.5039],[9.455,46.4725],[9.4503,46.4267],[9.5472,46.3055],[9.6969,46.2972],[9.7083,46.2983],[9.7706,46.3422],[9.905,46.383],[9.9847,46.3619],[9.9936,46.3544],[9.9914,46.3467],[9.9825,46.3314],[10.0572,46.2281],[10.1725,46.2572],[10.1539,46.3903],[10.0672,46.4325],[10.0556,46.4383],[10.0467,46.4458],[10.0447,46.5072],[10.1811,46.6322],[10.2386,46.6389],[10.2536,46.6222],[10.2453,46.5911],[10.3017,46.5558],[10.4497,46.5392],[10.4853,46.5906],[10.4867,46.6153],[10.4708,46.6358],[10.4712,46.8714],[10.3911,47.0036],[10.1094,46.8503],[9.8794,46.9392],[9.8756,47.0225],[9.5986,47.0638]],[[8.6786,47.6933],[8.6706,47.7111],[8.6989,47.7136],[8.7083,47.7105],[8.7097,47.7069],[8.6786,47.6933]]]},"properties":{"name":"Switzerland","iso2":"CH","iso3":"CHE"}},
{"type":"Feature","geometry":{"type":"MultiPolygon","coordinates":[[[[41.5316,41.5239],[41.5044,41.4875],[41.493,41.4755],[41.3875,41.3731],[40.1286,40.9164],[39.4211,41.1094],[38.3614,40.9094],[37.8925,40.9828],[37.6875,41.1372],[37.5264,41.0303],[37.05,41.1711],[37.0233,41.2675],[36.81,41.3556],[36.648,41.3594],[36.4292,41.2428],[36.1308,41.4644],[36.0511,41.6919],[35.9555,41.735],[35.5767,41.6272],[35.2867,41.7131],[35.0961,41.9164],[35.1169,42.0042],[34.9461,42.093],[34.8508,41.9794],[34.7155,41.9425],[33.3339,42.0203],[32.6008,41.8322],[31.5478,41.3619],[31.2311,41.0889],[30.7619,41.0853],[30.2847,41.2081],[30.1614,41.1408],[29.9875,41.1394],[29.1661,41.2267],[29.0256,41.0344],[29.1294,40.9144],[29.4125,40.7697],[29.9344,40.7605],[29.9328,40.7186],[29.5558,40.685],[29.5106,40.7328],[28.9864,40.6419],[28.7753,40.525],[29.1442,40.4392],[28.9853,40.3569],[28.2494,40.4036],[27.9478,40.3575],[27.8983,40.3958],[28.0256,40.4861],[27.7572,40.53],[27.6889,40.4822],[27.8811,40.3769],[27.7725,40.313],[27.4292,40.3242],[27.2642,40.4586],[26.9675,40.3822],[26.7072,40.385],[26.4333,40.1917],[26.3325,40.0228],[26.1875,39.9972],[26.073,39.4708],[26.9392,39.575],[26.9397,39.4847],[26.6447,39.2631],[26.8847,39.0733],[26.7986,39.0278],[26.8028,38.9544],[26.8611,38.9092],[27.0408,38.9333],[27.0644,38.8744],[26.7322,38.7303],[26.7308,38.6458],[26.9472,38.4417],[27.1628,38.4472],[26.6822,38.3075],[26.5622,38.5997],[26.4792,38.6681],[26.37,38.6619],[26.3842,38.4497],[26.5106,38.4233],[26.3747,38.3055],[26.2906,38.3686],[26.2758,38.2644],[26.5911,38.1017],[26.7625,38.2147],[26.9231,38.0622],[27.2678,37.9555],[27.1939,37.3508],[27.3136,37.3422],[27.4144,37.4106],[27.4042,37.3089],[27.5953,37.2325],[27.55,37.1317],[27.4397,37.1047],[27.3228,37.1519],[27.2253,37.0561],[27.2575,36.9625],[27.4214,37.028],[27.515,36.9928],[28.3286,37.0397],[28.0664,36.935],[28.0258,36.8228],[27.4708,36.7503],[27.3794,36.6808],[27.4753,36.65],[27.6761,36.6917],[27.7275,36.7561],[27.9197,36.7372],[28.1144,36.8017],[28.1219,36.7194],[27.9655,36.6858],[28.0867,36.6383],[27.96,36.5997],[27.9839,36.5528],[28.2758,36.7294],[28.2564,36.8428],[28.3986,36.7817],[28.3764,36.8472],[28.4542,36.8814],[28.6569,36.7103],[28.8506,36.6561],[28.9247,36.7467],[29.0525,36.6811],[29.0872,36.6267],[29.0167,36.5433],[29.1239,36.5405],[29.1417,36.3528],[29.6772,36.1183],[30.2008,36.3036],[30.4069,36.2036],[30.5111,36.3397],[30.5703,36.7822],[30.6828,36.8853],[31.3436,36.8044],[32.0153,36.5455],[32.3694,36.1739],[32.8089,36.0256],[32.9344,36.0967],[33.7053,36.1794],[33.8731,36.3142],[33.9886,36.2778],[34.2669,36.5742],[34.6594,36.8053],[34.8272,36.7953],[35.34,36.5392],[35.4989,36.6119],[35.6164,36.5969],[35.6361,36.6822],[35.5739,36.7074],[35.8208,36.7756],[36.0219,36.9264],[36.1933,36.7919],[36.2158,36.6464],[35.7833,36.2964],[35.9767,36.0097],[35.9224,35.927],[36.1681,35.8175],[36.2192,35.9603],[36.3777,36],[36.3922,36.2133],[36.6922,36.2392],[36.5492,36.4833],[36.6599,36.8337],[36.9764,36.7636],[37.1275,36.6592],[37.3814,36.6539],[38.2442,36.9144],[38.5136,36.858],[38.7314,36.7011],[39.23,36.6653],[39.8261,36.7558],[40.7708,37.118],[41.5392,37.0842],[41.9953,37.1728],[42.1808,37.2905],[42.3511,37.2339],[42.3556,37.1069],[42.5817,37.1528],[42.7861,37.3844],[42.9555,37.3222],[43.1569,37.3739],[43.623,37.23],[43.9036,37.2217],[44.0142,37.3205],[44.1164,37.3164],[44.2617,37.2419],[44.1933,37.1003],[44.3172,36.9705],[44.6381,37.1875],[44.7873,37.1497],[44.8153,37.3053],[44.5886,37.4403],[44.618,37.7278],[44.224,37.8992],[44.4842,38.3455],[44.3073,38.3878],[44.3033,38.8344],[44.208,38.8958],[44.1594,39.0022],[44.2158,39.1408],[44.0342,39.3797],[44.4161,39.4253],[44.4711,39.6989],[44.6058,39.7805],[44.813,39.6308],[44.7789,39.7064],[44.3472,40.0239],[43.9339,40.0136],[43.6575,40.1086],[43.7217,40.1633],[43.5831,40.4511],[43.7519,40.74],[43.6717,40.9281],[43.4792,41.0253],[43.4608,41.113],[43.4755,41.1364],[43.455,41.1689],[43.4519,41.1711],[43.3872,41.2006],[43.3497,41.2019],[43.2336,41.1903],[43.0397,41.3742],[42.8402,41.5789],[42.8161,41.5869],[42.6517,41.5928],[42.5903,41.5792],[42.5508,41.4953],[42.4833,41.4383],[42.3669,41.4603],[42.2728,41.4917],[41.968,41.5192],[41.955,41.5164],[41.8378,41.4289],[41.8286,41.4297],[41.7247,41.4925],[41.5692,41.518],[41.5316,41.5239]]],[[[26.3336,41.7383],[26.3611,41.7111],[26.5703,41.6114],[26.6339,41.3544],[26.325,41.2347],[26.3594,40.9519],[26.0447,40.7358],[26.1097,40.5967],[26.7683,40.6606],[26.8269,40.5944],[26.2142,40.3256],[26.2728,40.2503],[26.1811,40.0453],[26.6822,40.4539],[27.2981,40.7044],[27.5097,40.9836],[27.7414,41.0133],[27.9431,40.968],[28.2131,41.0803],[28.5389,40.9861],[28.5292,41.0803],[28.6047,40.9647],[28.8303,40.9555],[29.0333,41.0519],[29.1036,41.2378],[28.835,41.2822],[28.2169,41.5236],[27.9683,41.825],[28.0131,41.9822],[27.9036,41.9947],[27.8697,42.0055],[27.8347,42.0019],[27.8303,42.0014],[27.6381,41.9583],[27.5817,41.913],[27.5722,41.9072],[27.4411,41.9769],[27.3656,42.0592],[27.305,42.0933],[27.2825,42.1022],[27.0431,42.0858],[26.9622,42.0033],[26.9306,42.0069],[26.5681,41.936],[26.5664,41.9347],[26.5422,41.828],[26.5283,41.8261],[26.4467,41.825],[26.3747,41.8192],[26.3328,41.7531],[26.3322,41.7414],[26.3336,41.7383]]],[[[26.0781,39.7836],[26.0758,39.8397],[25.9775,39.8333],[26.0781,39.7836]]],[[[25.8244,40.1003],[26.0111,40.1447],[25.9406,40.2411],[25.6708,40.1514],[25.8244,40.1003]]],[[[27.6072,40.5722],[27.7331,40.6372],[27.5342,40.6506],[27.6072,40.5722]]]]},"properties":{"name":"Turkey","iso2":"TR","iso3":"TUR"}},
{"type":"Feature","geometry":{"type":"MultiPolygon","coordinates":[[[[-6.267,54.0998],[-6.0439,54.0314],[-5.8964,54.0994],[-5.8639,54.2239],[-5.6533,54.2256],[-5.5622,54.2831],[-5.6986,54.5742],[-5.5617,54.5189],[-5.5081,54.3636],[-5.4297,54.4836],[-5.5769,54.6781],[-5.9083,54.6047],[-5.6881,54.8061],[-6.0361,55.0578],[-6.0667,55.1944],[-6.5156,55.2331],[-6.9669,55.1561],[-7.0736,55.0378],[-7.2525,55.0706],[-7.5533,54.7628],[-7.9253,54.7022],[-7.7522,54.5944],[-8.1567,54.4386],[-7.8514,54.2122],[-7.5594,54.1269],[-7.2808,54.125],[-7.0308,54.4178],[-6.8761,54.3453],[-6.625,54.0392],[-6.267,54.0998]]],[[[-1.0597,50.6875],[-1.2969,50.7719],[-1.57,50.6606],[-1.2825,50.5789],[-1.0597,50.6875]]],[[[-0.9383,50.7775],[-0.9758,50.8303],[-1.0225,50.7858],[-0.9383,50.7775]]],[[[0.9047,51.3581],[0.9089,51.4169],[0.7489,51.4436],[0.7661,51.3758],[0.9047,51.3581]]],[[[-4.1535,53.2257],[-4.0467,53.3033],[-4.2222,53.3217],[-4.2925,53.4075],[-4.5669,53.3914],[-4.5675,53.2733],[-4.4022,53.1258],[-4.1535,53.2257]]],[[[-5.1036,55.4386],[-5.1547,55.6733],[-5.2953,55.7167],[-5.4003,55.6178],[-5.3422,55.4772],[-5.1036,55.4386]]],[[[-5.0164,55.7219],[-5.0364,55.8378],[-5.1769,55.92],[-5.1986,55.8742],[-5.0164,55.7219]]],[[[-6.1217,55.8789],[-6.1367,55.9344],[-6.4497,55.8486],[-6.4914,55.6694],[-6.2514,55.7714],[-6.3006,55.5769],[-6.0247,55.6808],[-6.1217,55.8789]]],[[[-6.1939,56.0292],[-6.1308,56.1208],[-6.2631,56.0361],[-6.1939,56.0292]]],[[[-5.9469,55.83],[-5.7056,56.1508],[-6.0789,55.9055],[-6.0631,55.8039],[-5.9469,55.83]]],[[[-6.7392,56.5158],[-6.9581,56.5131],[-6.9722,56.4492],[-6.7392,56.5158]]],[[[-5.7836,56.5089],[-6.1339,56.6533],[-6.32,56.6031],[-6.3253,56.5394],[-6.0022,56.49],[-6.2031,56.3781],[-6.0186,56.3697],[-6.3503,56.3369],[-6.3394,56.2764],[-5.7147,56.3519],[-5.6511,56.4511],[-5.7836,56.5089]]],[[[-6.5892,56.58],[-6.4572,56.6892],[-6.6989,56.58],[-6.5892,56.58]]],[[[-6.1447,56.87],[-6.1497,56.945],[-6.2144,56.8989],[-6.1447,56.87]]],[[[-6.3175,56.9342],[-6.2492,57.0222],[-6.3261,57.0542],[-6.4522,57.0022],[-6.3175,56.9342]]],[[[-7.4669,56.9408],[-7.3761,56.9786],[-7.4456,57.0556],[-7.56,56.9603],[-7.4669,56.9408]]],[[[-7.2231,57.3375],[-7.425,57.3822],[-7.3631,57.1],[-7.2153,57.1103],[-7.2231,57.3375]]],[[[-7.2689,57.3989],[-7.2047,57.4608],[-7.3578,57.4883],[-7.3881,57.4239],[-7.2689,57.3989]]],[[[-6.1439,57.5681],[-6.3456,57.6847],[-6.3756,57.5242],[-6.4633,57.5089],[-6.6375,57.6056],[-6.7858,57.4461],[-6.7,57.3639],[-6.5756,57.3333],[-6.5333,57.4083],[-6.3097,57.3042],[-6.4814,57.3031],[-6.3144,57.1575],[-6.0772,57.1242],[-6.0306,57.1775],[-6.0119,57.0222],[-5.6461,57.2567],[-5.8867,57.2392],[-6.1272,57.3061],[-6.1439,57.5681]]],[[[-7.1886,57.6872],[-7.4728,57.655],[-7.5433,57.5908],[-7.3214,57.5053],[-7.1539,57.5094],[-7.0658,57.6333],[-7.1886,57.6872]]],[[[-7.0064,57.8814],[-6.9994,57.92],[-7.0767,57.8928],[-7.0064,57.8814]]],[[[-6.2042,58.3561],[-6.2669,58.5125],[-6.7978,58.3022],[-6.7447,58.1972],[-6.8733,58.1786],[-6.8619,58.1039],[-6.9081,58.2128],[-7.0556,58.2233],[-7.1128,57.9839],[-6.8303,57.9008],[-7.1253,57.8378],[-6.9783,57.7258],[-6.6622,57.8806],[-6.7614,57.9983],[-6.6844,58.0575],[-6.5903,58.05],[-6.7061,58.0075],[-6.6211,57.9144],[-6.3567,58.03],[-6.3961,58.1047],[-6.6203,58.0819],[-6.1722,58.2069],[-6.16,58.2597],[-6.3284,58.2354],[-6.2042,58.3561]]],[[[-4.1533,53.2256],[-4.7609,52.789],[-4.5394,52.7931],[-4.4142,52.8847],[-4.1336,52.9144],[-4.0533,52.7167],[-4.1308,52.3347],[-4.4953,52.1378],[-4.6694,52.1303],[-4.8322,52.0153],[-5.0767,51.9961],[-5.2392,51.9164],[-5.1019,51.7789],[-5.2469,51.7303],[-5.0107,51.703],[-4.8844,51.7467],[-5.0514,51.6203],[-4.9414,51.5942],[-4.5744,51.7342],[-4.0747,51.6772],[-4.2911,51.6103],[-4.2778,51.5567],[-3.8403,51.6208],[-3.5603,51.4055],[-3.3461,51.3786],[-3.1856,51.3956],[-3.1156,51.49],[-2.7147,51.5808],[-2.38,51.7556],[-2.96,51.375],[-3.0283,51.2061],[-3.39,51.1811],[-3.7925,51.2392],[-4.2264,51.1892],[-4.2089,51.0742],[-4.3036,51.0042],[-4.5236,51.0153],[-4.5536,50.7853],[-4.7717,50.6019],[-5.0139,50.545],[-5.0519,50.4222],[-5.4278,50.1939],[-5.6958,50.1531],[-5.6778,50.0386],[-5.4706,50.125],[-5.2897,50.0694],[-5.1931,49.9553],[-5.0594,50.0425],[-5.0481,50.1711],[-4.7625,50.3114],[-4.38,50.3639],[-4.175,50.3778],[-3.7167,50.2067],[-3.4372,50.605],[-2.9247,50.7319],[-2.6619,50.6733],[-2.4345,50.5418],[-2.3939,50.6417],[-1.9583,50.5986],[-1.9529,50.6671],[-2.0797,50.6942],[-2.0419,50.7339],[-1.5928,50.7242],[-1.3314,50.7914],[-1.1469,50.7775],[-1.1547,50.8442],[-0.9269,50.8394],[-0.7964,50.7253],[-0.255,50.8264],[0.2539,50.7386],[0.7814,50.9356],[0.975,50.9319],[1.0456,51.0494],[1.3903,51.1542],[1.3856,51.3878],[0.905,51.3408],[0.5783,51.39],[0.6975,51.4708],[0.3828,51.4506],[0.9506,51.6064],[0.9317,51.7386],[0.6997,51.7194],[0.9867,51.8261],[1.05,51.7706],[1.2236,51.8089],[1.2936,51.8775],[1.1603,52.0233],[1.3286,51.9283],[1.5861,52.0822],[1.7494,52.4558],[1.6864,52.7367],[1.3525,52.9097],[0.8778,52.9678],[0.5408,52.9647],[0.3789,52.7814],[0,52.8796],[0.3417,53.0958],[0.2356,53.3994],[-0.2978,53.7128],[-0.7189,53.6997],[-0.2725,53.7356],[-0.0856,53.6244],[0.1092,53.6192],[0.1181,53.5644],[0.1411,53.6272],[-0.215,54.015],[-0.075,54.1119],[-0.3819,54.2556],[-0.5647,54.48],[-1.1653,54.6497],[-1.2975,54.7636],[-1.6339,55.5808],[-1.8197,55.6342],[-2.0797,55.8672],[-2.6311,56.0547],[-2.8203,56.0569],[-3.0531,55.9436],[-3.7253,56.0275],[-3.3925,56.0111],[-2.9569,56.2022],[-2.7881,56.1875],[-2.5828,56.2681],[-2.8006,56.3444],[-2.8844,56.4514],[-3.2781,56.3575],[-2.5272,56.5786],[-2.4781,56.7153],[-2.2197,56.8678],[-1.9778,57.3139],[-1.7733,57.4581],[-1.9183,57.6706],[-2.0756,57.6994],[-2.4003,57.6664],[-2.8981,57.7069],[-3.0419,57.6622],[-3.4881,57.7094],[-4.1967,57.4858],[-4.0808,57.6653],[-4.4358,57.575],[-4.2967,57.6744],[-4.0311,57.7314],[-3.9778,57.6983],[-3.7731,57.8511],[-4.0432,57.8144],[-4.3922,57.9053],[-4.015,57.8678],[-3.9969,57.9506],[-3.2086,58.3044],[-3.0556,58.4544],[-3.0256,58.6475],[-3.3539,58.6606],[-3.365,58.5953],[-3.6603,58.6197],[-4.2772,58.5336],[-4.565,58.5761],[-4.7567,58.4425],[-4.7017,58.5586],[-5.0047,58.6233],[-5.1747,58.35],[-5.0717,58.2647],[-5.3922,58.2594],[-5.2797,58.0797],[-5.4553,58.0764],[-5.1028,57.8508],[-5.3386,57.9208],[-5.4575,57.8589],[-5.6111,57.9236],[-5.6025,57.7672],[-5.7169,57.8694],[-5.8167,57.8217],[-5.8103,57.6378],[-5.6692,57.5458],[-5.5086,57.5347],[-5.6506,57.508],[-5.8397,57.5728],[-5.8192,57.3639],[-5.4503,57.4203],[-5.5988,57.3305],[-5.4061,57.2294],[-5.6461,57.235],[-5.6496,57.1616],[-5.3997,57.1058],[-5.7247,57.1131],[-5.7842,57.0494],[-5.5203,56.9964],[-5.8061,57.0114],[-5.9219,56.8881],[-5.6647,56.8647],[-5.8544,56.8278],[-5.8533,56.7419],[-5.9536,56.7817],[-6.235,56.7192],[-6.1914,56.6797],[-5.5514,56.6942],[-6.0083,56.6375],[-5.6769,56.4939],[-5.12,56.8167],[-5.3831,56.5831],[-5.2464,56.5558],[-5.3987,56.4787],[-5.2031,56.4542],[-5.0694,56.5628],[-5.1078,56.5078],[-5.2208,56.4358],[-5.4206,56.433],[-5.5736,56.3247],[-5.5978,56.1597],[-5.5117,56.1817],[-5.6797,55.9914],[-5.5706,56.0372],[-5.6759,55.9118],[-5.6078,55.7586],[-5.7775,55.2967],[-5.5147,55.3617],[-5.4864,55.6431],[-5.38,55.7503],[-5.4317,56.0078],[-5.0322,56.2325],[-4.9206,56.2744],[-5.3086,56.0075],[-5.3033,55.8506],[-5.2081,55.8264],[-5.2246,55.9018],[-5.1733,55.9292],[-4.9789,55.8661],[-4.8286,56.1132],[-4.8546,55.9865],[-4.4817,55.9211],[-4.8797,55.9361],[-4.9158,55.6969],[-4.6133,55.495],[-5.1742,55.0006],[-5.1764,54.9006],[-4.9411,54.6489],[-4.8558,54.6314],[-4.9619,54.7978],[-4.8522,54.8686],[-4.3872,54.6756],[-4.3931,54.9081],[-4.1358,54.7747],[-3.965,54.7653],[-3.6158,54.8753],[-3.5711,54.9908],[-3.0231,54.9706],[-3.3811,54.8844],[-3.6342,54.5119],[-3.2261,54.0986],[-2.8136,54.2228],[-2.9325,53.9506],[-3.0531,53.9058],[-3.0514,53.7647],[-2.8989,53.7231],[-3.1075,53.5517],[-2.9539,53.3603],[-2.7025,53.3464],[-2.8825,53.2853],[-3.0617,53.4108],[-3.1922,53.3856],[-3.1022,53.2478],[-3.3364,53.3472],[-4.1533,53.2256]]],[[[-2.9183,58.7319],[-2.8778,58.8242],[-3.0044,58.8331],[-2.9183,58.7319]]],[[[-3.2314,58.7756],[-3.1369,58.7867],[-3.2147,58.8742],[-3.3981,58.9172],[-3.4311,58.8714],[-3.2314,58.7756]]],[[[-2.7931,58.9514],[-3.0769,59.1217],[-3.3503,59.11],[-3.3456,58.9658],[-3.195,58.9111],[-2.97,58.9394],[-2.8244,58.8789],[-2.7931,58.9514]]],[[[-2.6814,59.1958],[-2.4022,59.3128],[-2.5928,59.2906],[-2.6814,59.1958]]],[[[-2.89,59.2953],[-3.0764,59.3314],[-2.8775,59.2286],[-2.89,59.2953]]],[[[-1.2961,60.4911],[-1.3019,60.6367],[-1.6117,60.4767],[-1.4458,60.4605],[-1.3203,60.3564],[-1.6931,60.2797],[-1.4486,60.1511],[-1.3583,60.1925],[-1.4103,60.255],[-1.2914,60.2414],[-1.3781,59.9022],[-1.2686,59.8511],[-1.1256,60.1478],[-1.1989,60.2678],[-1.1011,60.2758],[-1.0372,60.4442],[-1.2961,60.4911]]],[[[-1.0294,60.4958],[-0.9911,60.72],[-1.0925,60.7314],[-1.1703,60.5272],[-1.0294,60.4958]]],[[[-0.8197,60.6889],[-0.7581,60.8178],[-0.8783,60.8444],[-0.9656,60.688],[-0.8197,60.6889]]]]},"properties":{"name":"United Kingdom","iso2":"GB","iso3":"GBR"}},
{"type":"Feature","geometry":{"type":"MultiPolygon","coordinates":[[[[22.1514,48.4119],[22.1717,48.4091],[22.2172,48.4186],[22.2714,48.4042],[22.2694,48.3969],[22.3478,48.275],[22.4847,48.2505],[22.4897,48.2517],[22.5,48.2494],[22.5972,48.1478],[22.6025,48.1158],[22.6435,48.0953],[22.6506,48.0933],[22.7378,48.1144],[22.7936,48.1167],[22.8508,48.08],[22.88,48.0497],[22.8869,48.0367],[22.8592,47.9939],[22.8948,47.9545],[22.8961,47.9539],[23.0997,48.0289],[23.1108,48.0544],[23.1239,48.0883],[23.1478,48.1042],[23.2564,48.0919],[23.2769,48.0783],[23.2814,48.0722],[23.2961,48.0464],[23.2994,48.0439],[23.3561,48.0211],[23.4806,47.9775],[23.5092,47.9833],[23.5122,47.9858],[23.5661,48],[23.9697,47.9614],[24.0267,47.9569],[24.1369,47.91],[24.4278,47.9592],[24.5723,47.9495],[24.6728,47.8967],[24.6739,47.8928],[24.6686,47.8772],[24.6706,47.8656],[24.8028,47.8178],[24.8164,47.813],[24.8919,47.7214],[24.9014,47.7142],[24.9289,47.7131],[24.9536,47.7194],[25.0297,47.7289],[25.0494,47.7333],[25.1239,47.7639],[25.1483,47.7844],[25.1708,47.8167],[25.1794,47.83],[25.2303,47.8814],[25.255,47.8919],[25.8172,47.9553],[25.8333,47.9625],[26.0372,47.9836],[26.15,47.9822],[26.1836,47.9955],[26.1978,48.0044],[26.3149,48.1862],[26.4747,48.2178],[26.4992,48.2153],[26.5297,48.2075],[26.6364,48.2722],[26.6431,48.2875],[26.6989,48.343],[26.8083,48.3331],[27.245,48.3689],[27.4542,48.4397],[27.5195,48.4655],[27.7556,48.4514],[27.8625,48.4028],[27.8936,48.3614],[27.9322,48.3375],[27.9631,48.325],[28.0856,48.3075],[28.0953,48.2961],[28.0942,48.275],[28.0825,48.2394],[28.0892,48.2308],[28.2036,48.2078],[28.238,48.2075],[28.2861,48.2347],[28.3567,48.2411],[28.3656,48.2336],[28.3739,48.2092],[28.3644,48.1858],[28.3886,48.1639],[28.5019,48.1342],[28.5608,48.163],[28.5672,48.163],[28.8119,48.1236],[28.825,48.1142],[28.8798,48.0105],[28.9561,47.95],[28.9672,47.9433],[29.0228,47.9322],[29.0597,47.9478],[29.0669,47.9628],[29.0736,47.9783],[29.1119,47.9872],[29.1419,47.9861],[29.2583,47.7686],[29.2567,47.7605],[29.198,47.6122],[29.1633,47.5842],[29.1408,47.5614],[29.1867,47.44],[29.2044,47.4347],[29.2203,47.4475],[29.2256,47.4533],[29.2436,47.4589],[29.2994,47.4222],[29.3817,47.3544],[29.4283,47.2861],[29.4872,47.308],[29.4964,47.3441],[29.5172,47.3467],[29.5639,47.3411],[29.5711,47.3367],[29.5905,47.3103],[29.6003,47.2678],[29.573,47.1447],[29.5739,46.9503],[29.7375,46.8903],[29.8594,46.8644],[29.95,46.8142],[29.9728,46.7344],[29.9628,46.565],[29.9214,46.56],[29.9055,46.5551],[30.0905,46.4297],[30.1092,46.4286],[30.124,46.4243],[30.1322,46.4097],[30.1286,46.4022],[30.1169,46.3861],[29.93,46.3836],[29.9131,46.3789],[29.8664,46.3464],[29.8253,46.3686],[29.7358,46.4425],[29.6392,46.3683],[29.6208,46.3703],[29.6064,46.375],[29.4997,46.4322],[29.4922,46.4403],[29.4942,46.4525],[29.5075,46.4811],[29.4955,46.4911],[29.3508,46.47],[29.3067,46.4022],[29.2383,46.3683],[29.2128,46.3672],[29.2014,46.3775],[29.2025,46.3853],[29.2103,46.3942],[29.2247,46.413],[29.2233,46.5225],[29.1739,46.5397],[29.0347,46.4953],[28.9833,46.4725],[28.9358,46.4358],[28.95,46.2894],[29.0406,46.1978],[28.9767,46.0131],[28.8294,45.9783],[28.8011,45.9725],[28.7558,45.96],[28.7494,45.9503],[28.7514,45.9228],[28.6753,45.7753],[28.655,45.7725],[28.4922,45.6619],[28.5283,45.6447],[28.5306,45.5317],[28.5228,45.5178],[28.5119,45.5119],[28.4775,45.5064],[28.405,45.5111],[28.3664,45.5178],[28.2436,45.5089],[28.238,45.5033],[28.2161,45.4655],[28.2148,45.4486],[28.2293,45.4492],[28.2792,45.4308],[28.2839,45.3988],[28.2878,45.3828],[28.2947,45.3703],[28.3108,45.3447],[28.3119,45.343],[28.3758,45.3005],[28.6883,45.2208],[28.7853,45.23],[28.9681,45.3211],[29.2172,45.4247],[29.4114,45.4358],[29.5183,45.4086],[29.5894,45.3855],[29.6369,45.3503],[29.655,45.3278],[29.6725,45.2764],[29.7086,45.2133],[29.7553,45.4425],[29.5933,45.5553],[29.6336,45.8211],[29.7469,45.6194],[29.8636,45.6692],[29.7986,45.7317],[29.97,45.8417],[30.0661,45.8],[30.2517,45.8767],[30.7631,46.3755],[30.8328,46.5483],[31.4158,46.6236],[31.5933,46.805],[31.4769,46.6305],[31.9075,46.6489],[31.8633,46.7972],[31.975,46.9233],[31.8444,47.0005],[31.8703,47.088],[31.7494,47.2533],[31.9808,47.0075],[32.0119,46.9225],[31.9353,46.7658],[32.0197,46.6294],[32.1392,46.5592],[32.2366,46.603],[32.3317,46.5558],[32.6472,46.6411],[32.3567,46.4589],[31.5108,46.5814],[31.6583,46.4714],[31.7783,46.4933],[32.0481,46.41],[31.7733,46.3239],[31.7919,46.2831],[32.0272,46.2564],[32.5094,46.075],[33.1925,46.1619],[33.4353,46.0447],[33.6114,46.1472],[33.6272,45.9967],[33.7719,45.9205],[32.9253,45.6553],[32.4805,45.3958],[32.5775,45.3178],[32.9322,45.3436],[33.258,45.1575],[33.3936,45.1858],[33.5419,45.1119],[33.6222,44.9208],[33.52,44.7831],[33.5544,44.6236],[33.3669,44.5792],[33.7119,44.393],[33.9555,44.3811],[34.3319,44.5436],[34.5186,44.7444],[34.9641,44.8394],[35.0883,44.7928],[35.5153,45.1161],[35.6772,45.1003],[35.8569,44.9864],[36.4397,45.0655],[36.4328,45.2753],[36.6372,45.3761],[36.5986,45.4236],[36.1397,45.4605],[36.0086,45.3586],[35.863,45.4044],[35.4753,45.2911],[35.0539,45.6539],[34.8272,46.0694],[34.6708,46.0953],[35.3386,45.2861],[35.1267,45.3261],[35.0119,45.4192],[35.0969,45.4714],[34.9866,45.6319],[34.6492,45.7856],[34.4605,45.7672],[34.6333,45.9417],[34.5461,45.9669],[34.5031,45.8761],[34.3594,45.8814],[34.4164,45.9464],[34.3564,46.0192],[34.178,46.037],[34.2237,46.0063],[34.1428,45.9378],[34.0222,46.0903],[33.9408,46.0941],[33.9783,46.018],[33.9,46.0386],[33.8475,46.1592],[33.7786,46.1192],[33.6719,46.2208],[33.9572,46.2136],[34.1258,46.1161],[34.1564,46.2822],[34.3294,46.1703],[34.5425,46.1875],[34.5555,46.0917],[34.4414,46.0939],[34.4016,46.0139],[34.5617,45.985],[34.7025,46.1758],[35.1197,46.2994],[35.198,46.4433],[35.3475,46.3436],[35.0017,46.0725],[35.1744,46.1361],[35.4942,46.4489],[35.9072,46.6511],[36.2414,46.6314],[36.5219,46.7547],[36.7639,46.7511],[37.2053,46.9286],[37.3239,46.8955],[37.5636,47.0883],[38.1361,47.0594],[38.2358,47.1094],[38.3033,47.5586],[38.7547,47.6856],[38.8536,47.8608],[39.7239,47.8183],[39.7964,47.8572],[39.7761,48.0264],[39.9989,48.2972],[39.8508,48.5575],[39.6569,48.6167],[39.8039,48.8178],[40.0175,48.8067],[40.0767,48.875],[39.7778,48.9],[39.6967,49.0108],[39.9389,49.055],[40.1669,49.2486],[40.053,49.4783],[40.1398,49.6011],[39.7969,49.5531],[39.6397,49.6155],[39.5808,49.7308],[39.2736,49.7519],[39.1928,49.8778],[38.9453,49.8075],[38.6522,49.9589],[38.3761,49.9875],[38.3078,50.0739],[38.1842,50.0655],[38.0242,49.9031],[37.9253,50.0247],[37.7331,50.0878],[37.4586,50.4397],[36.8844,50.3358],[36.6403,50.2125],[36.42,50.3139],[36.2975,50.2844],[36.1392,50.4253],[35.6067,50.3694],[35.3927,50.6339],[35.4861,50.6786],[35.3058,50.9603],[35.3719,51.0414],[35.1708,51.0548],[35.0738,51.2215],[34.735,51.1725],[34.3822,51.2636],[34.098,51.6539],[34.4189,51.7239],[34.4247,51.7994],[34.1292,51.9861],[34.0692,52.1908],[33.8306,52.3647],[33.5128,52.3269],[33.2047,52.3797],[32.9236,52.2472],[32.3942,52.3353],[32.225,52.0794],[32.1122,52.0433],[31.7839,52.108],[31.6222,52.1089],[31.5028,52.1175],[31.3797,52.118],[31.3411,52.1125],[31.3239,52.105],[31.1064,52.0864],[30.9631,52.0811],[30.9342,52.0603],[30.9307,52.0344],[30.9589,52.0008],[30.7469,51.8953],[30.6653,51.8269],[30.6606,51.82],[30.67,51.7964],[30.6283,51.7114],[30.565,51.6433],[30.5864,51.4892],[30.6439,51.3669],[30.5681,51.2992],[30.5514,51.2518],[30.3497,51.3861],[30.3486,51.4014],[30.2139,51.4808],[30.2006,51.4867],[30.1619,51.4933],[30.0122,51.4892],[29.9833,51.4864],[29.8344,51.4419],[29.745,51.4467],[29.7394,51.4522],[29.7333,51.4694],[29.7178,51.4944],[29.6819,51.4997],[29.6217,51.49],[29.3242,51.378],[29.3008,51.3997],[29.2508,51.5047],[29.2433,51.5378],[29.1656,51.6269],[29.0525,51.6311],[28.8286,51.5464],[28.8106,51.5344],[28.7736,51.4947],[28.7625,51.4772],[28.7694,51.448],[28.7658,51.4214],[28.7525,51.4111],[28.7406,51.4133],[28.6606,51.4519],[28.6514,51.468],[28.6319,51.5403],[28.6331,51.5447],[28.6272,51.5664],[28.4756,51.5797],[28.4333,51.5661],[28.3194,51.5892],[28.2633,51.6592],[28.2586,51.6611],[28.1886,51.6431],[28.1725,51.6294],[28.135,51.5803],[28.1044,51.5681],[27.9336,51.5864],[27.9128,51.6008],[27.8847,51.62],[27.8514,51.6203],[27.8253,51.6042],[27.8117,51.5886],[27.8117,51.5247],[27.7517,51.4669],[27.68,51.4944],[27.7292,51.5764],[27.7278,51.5839],[27.7197,51.5925],[27.4455,51.6011],[27.2925,51.5958],[27.1992,51.6864],[27.2067,51.743],[27.1797,51.7628],[27.0172,51.7686],[26.9481,51.7489],[26.7225,51.8025],[26.6497,51.8203],[26.5711,51.8183],[26.5308,51.8133],[26.4369,51.8569],[26.2078,51.8583],[26.1494,51.8747],[26.1394,51.8822],[25.8183,51.9358],[25.6761,51.9219],[25.3611,51.9269],[25.3122,51.9397],[25.2775,51.9514],[25.1794,51.9597],[25.1667,51.9589],[25.0519,51.9322],[24.9036,51.9014],[24.7003,51.8939],[24.4094,51.8875],[24.3914,51.8856],[24.3047,51.7942],[24.0706,51.625],[24.0075,51.5961],[23.973,51.5861],[23.9439,51.5883],[23.9375,51.5978],[23.9319,51.6075],[23.9203,51.6228],[23.9022,51.6344],[23.6506,51.6369],[23.6211,51.6236],[23.6092,51.5997],[23.6239,51.5864],[23.6111,51.5033],[23.6167,51.4936],[23.6248,51.4882],[23.6542,51.4847],[23.6822,51.3711],[23.7319,51.2147],[23.9044,51.0694],[23.9317,50.9941],[23.9883,50.9311],[24.0356,50.8969],[24.0928,50.8811],[24.1422,50.8611],[24.1306,50.835],[24.0769,50.8294],[23.9644,50.8244],[23.9531,50.8007],[23.9547,50.7872],[24.0722,50.6958],[24.1114,50.5669],[24.005,50.4172],[23.9917,50.4072],[23.9294,50.4036],[23.7558,50.3944],[23.7211,50.3853],[23.7078,50.3805],[23.6863,50.3379],[23.5689,50.2558],[23.4961,50.2208],[23.3428,50.1275],[23.3244,50.1153],[23.2328,50.05],[23.1461,49.983],[22.78,49.675],[22.6761,49.5664],[22.6581,49.5358],[22.7294,49.4017],[22.7394,49.3867],[22.76,49.2819],[22.7267,49.2178],[22.705,49.1805],[22.7,49.1697],[22.7092,49.163],[22.8778,49.0867],[22.8631,49.0589],[22.8642,49.0386],[22.8689,49.0019],[22.7378,49.0472],[22.5949,49.0915],[22.5628,49.085],[22.5581,49.0794],[22.5372,48.9955],[22.5292,48.9917],[22.425,48.8894],[22.3892,48.805],[22.3875,48.7936],[22.1669,48.588],[22.1561,48.5681],[22.1558,48.5592],[22.1514,48.4119]]],[[[34.2275,46.0619],[34.2291,46.1878],[34.158,46.1005],[34.2275,46.0619]]],[[[32.1678,46.1458],[31.6133,46.2544],[31.5011,46.3667],[31.5842,46.2533],[32.1678,46.1458]]]]},"properties":{"name":"Ukraine","iso2":"UA","iso3":"UKR"}},
{"type":"Feature","geometry":{"type":"Polygon","coordinates":[[[12.4744,43.8972],[12.5106,43.9392],[12.5103,43.9828],[12.4928,43.9892],[12.4625,43.9847],[12.4506,43.9797],[12.4089,43.955],[12.4078,43.9137],[12.4164,43.9047],[12.4744,43.8972]]]},"properties":{"name":"San Marino","iso2":"SM","iso3":"SMR"}},
{"type":"Feature","geometry":{"type":"Polygon","coordinates":[[[20.5896,41.8822],[20.7331,41.8639],[20.7928,42.0825],[21.1169,42.2025],[21.305,42.1478],[21.4667,42.2658],[21.7214,42.2328],[21.8503,42.3308],[22.0833,42.3006],[22.3244,42.3614],[22.3653,42.3239],[22.5581,42.4792],[22.4472,42.5994],[22.4422,42.8217],[22.7456,42.8936],[23.005,43.1928],[22.7667,43.3858],[22.5433,43.4725],[22.3672,43.8269],[22.4169,44.0069],[22.6814,44.2247],[22.4573,44.4744],[22.7649,44.559],[22.4792,44.7103],[22.3136,44.6642],[22.1464,44.4792],[21.9939,44.6356],[21.6494,44.6578],[21.5883,44.7633],[21.4004,44.7808],[21.3661,44.8644],[21.5586,44.8961],[21.3669,45.0083],[21.5136,45.1511],[21.0489,45.3164],[20.8083,45.4789],[20.8014,45.7642],[20.7133,45.7439],[20.261,46.1149],[20.1122,46.1675],[19.5706,46.1736],[19.2864,45.9894],[19.0964,46.0244],[18.817,45.913],[18.8317,45.8771],[18.8331,45.8739],[18.9244,45.8119],[18.9575,45.7819],[18.9692,45.6675],[18.9606,45.6542],[18.9392,45.6308],[18.9095,45.6208],[18.9072,45.6133],[18.9025,45.5703],[18.933,45.5419],[18.9553,45.5372],[19.0247,45.5614],[19.1,45.5159],[19.0948,45.4938],[19.0575,45.4856],[18.9977,45.4875],[18.9781,45.3897],[19.1902,45.2703],[19.2605,45.2474],[19.3567,45.2342],[19.4183,45.2347],[19.4239,45.2258],[19.4228,45.18],[19.4111,45.175],[19.2617,45.1803],[19.2183,45.2083],[19.1875,45.2169],[19.1636,45.2122],[19.1156,45.0319],[19.0367,44.9325],[19.0136,44.9167],[19.0044,44.9044],[19.0047,44.9003],[19.0286,44.8803],[19.0397,44.8614],[19.1772,44.9236],[19.3714,44.8892],[19.3136,44.7047],[19.1234,44.5145],[19.1044,44.3558],[19.6205,44.0485],[19.5245,43.9589],[19.237,44.011],[19.5108,43.6797],[19.4806,43.5714],[19.2288,43.5132],[19.6478,43.1817],[19.9697,43.0906],[20.3489,42.8864],[20.3828,42.8355],[20.2319,42.7611],[20.0667,42.773],[19.9803,42.7219],[20.1072,42.6544],[20.0714,42.5609],[20.1686,42.5069],[20.2447,42.3286],[20.5242,42.2144],[20.6233,41.9669],[20.5896,41.8822]]]},"properties":{"name":"Serbia","iso2":"RS","iso3":"SRB"}},
{"type":"Feature","geometry":{"type":"Polygon","coordinates":[[[12.4451,41.9031],[12.4567,41.9014],[12.4517,41.908],[12.4451,41.9031]]]},"properties":{"name":"Holy See (Vatican City)","iso2":"VA","iso3":"VAT"}},
{"type":"Feature","geometry":{"type":"MultiPolygon","coordinates":[[[[48.584,41.8358],[48.3867,41.9264],[48.1178,42.3264],[47.8594,42.5939],[47.7383,42.6339],[47.6969,42.8664],[47.4644,43.0142],[47.4833,43.2078],[47.5883,43.2969],[47.4919,43.3322],[47.4872,43.4564],[47.6983,43.8689],[47.6283,43.9025],[47.5392,43.8597],[47.4072,43.5011],[47.3639,43.6155],[47.5019,43.7686],[47.3503,44.0266],[47.0311,44.353],[46.7603,44.3919],[46.6797,44.5105],[46.7725,44.6919],[47.0331,44.83],[47.0756,44.7828],[47.4905,45.4225],[47.5031,45.5569],[47.5661,45.5522],[47.3803,45.7447],[47.4911,45.7244],[47.6372,45.553],[47.5522,45.7694],[47.8305,45.6558],[47.8517,45.7172],[48.2239,45.7442],[48.5658,45.9658],[48.7133,45.8303],[48.6672,46.1169],[48.9111,46.1305],[49.1544,46.2867],[49.3055,46.2631],[48.9181,46.4892],[48.5605,46.565],[48.4944,46.6672],[48.5386,46.7517],[48.6911,46.7678],[48.7653,46.6908],[48.9414,46.7042],[49.0272,46.7761],[48.5689,47.3728],[48.2044,47.705],[48.0647,47.7797],[47.6914,47.7658],[47.4358,47.8436],[47.3833,47.6889],[47.1367,47.8225],[47.1228,48.2717],[46.4992,48.4175],[46.7789,48.9367],[47.0628,49.1428],[47.0261,49.2361],[46.7958,49.3397],[46.9294,49.8636],[47.3025,50.0319],[47.3167,50.2944],[47.5208,50.4364],[47.6203,50.46],[47.8838,50.2899],[47.868,50.3339],[37.0227,63.8995],[36.2758,64.0114],[36.2825,64.1433],[36.1097,64.2314],[35.99,64.1939],[35.6048,64.4026],[35.3987,64.3205],[34.958,64.4489],[34.7878,64.5478],[34.9572,64.6528],[34.9361,64.8383],[34.6381,65.2383],[34.3778,65.3783],[34.488,65.4483],[34.6817,65.4511],[34.7822,65.5953],[34.6908,65.8039],[34.9636,65.7178],[34.8528,65.8964],[34.1036,66.2511],[33.3128,66.3161],[33.7275,66.4303],[33.6014,66.4911],[32.9461,66.52],[33.1945,66.5643],[33.5344,66.5294],[33.2483,66.6172],[32.8722,66.5792],[33.3256,66.6422],[32.808,66.7161],[32.9167,66.7661],[32.5183,66.8822],[32.5547,66.9964],[32.2542,67.1253],[31.8544,67.1511],[32.6678,67.1194],[33.2514,66.7944],[33.5267,66.7186],[33.5989,66.823],[33.8556,66.6925],[34.4386,66.6467],[34.3547,66.6108],[34.4703,66.5336],[34.8458,66.605],[35.5177,66.3863],[37.1478,66.2519],[37.91,66.0875],[38.6078,66.0522],[40.0733,66.2778],[40.5655,66.4539],[41.1558,66.7944],[41.3905,67.1228],[41.3269,67.2267],[41.1125,67.2458],[41.0481,67.6619],[40.9392,67.7333],[40.4636,67.755],[40.368,67.8978],[39.7705,68.1655],[39.8539,68.0383],[39.5203,68.0711],[38.6219,68.3844],[38.5028,68.3617],[38.6086,68.3275],[38.4328,68.3392],[37.7733,68.6761],[35.8367,69.1989],[35.1554,69.2739],[35.266,69.2186],[35.1585,69.1797],[34.3519,69.3183],[33.6414,69.3255],[33.5625,69.2903],[33.5678,69.1839],[33.4464,69.1055],[33.0753,69.0594],[33.0228,68.9533],[33.0378,69.0681],[33.273,69.1039],[33.5319,69.1897],[33.4744,69.275],[33.2369,69.273],[33.5217,69.4219],[33.3269,69.4489],[32.9722,69.3886],[32.81,69.2961],[33.0294,69.4719],[32.4878,69.4897],[32.1997,69.4241],[32.4986,69.5114],[32.0264,69.6365],[32.1103,69.6758],[32.895,69.5828],[33.1131,69.648],[33.0936,69.7475],[32.5889,69.7805],[31.9411,69.9675],[32.1033,69.7905],[31.7292,69.8386],[31.7947,69.6822],[30.8548,69.7923],[30.91,69.5489],[30.5292,69.5461],[30.1033,69.6631],[30.0978,69.5033],[29.31,69.3153],[29.2392,69.1075],[29.0633,69.0292],[28.9573,69.0516],[28.4319,68.8969],[28.8206,68.8444],[28.4575,68.5319],[28.6967,68.1933],[29.3569,68.0825],[29.6917,67.8153],[30.0286,67.6947],[29.9328,67.5139],[29.0753,66.9114],[29.9103,66.1269],[30.1342,65.7192],[30.1239,65.665],[29.8189,65.6533],[29.7475,65.3419],[29.5964,65.2489],[29.8536,65.2161],[29.8739,65.1208],[29.6067,65.0017],[29.7942,64.7972],[30.1408,64.7742],[30.1992,64.6503],[29.975,64.5811],[30.0536,64.405],[30.5608,64.2444],[30.6144,64.0867],[30.2558,63.8178],[29.9933,63.7436],[30.4817,63.4786],[31.2197,63.2231],[31.5889,62.9144],[31.2597,62.5078],[29.7947,61.5992],[27.8078,60.5464],[28.1467,60.5294],[28.6867,60.7358],[28.6828,60.6139],[28.5531,60.6044],[28.6633,60.5822],[28.7019,60.455],[28.4414,60.5586],[28.6019,60.3844],[29.0317,60.1839],[29.7217,60.1922],[29.8842,60.1428],[29.9483,60.0253],[30.2458,59.9753],[30.1556,59.8639],[29.1872,60.0069],[28.8386,59.7847],[28.5006,59.8575],[28.3742,59.6611],[28.0803,59.7964],[28.0158,59.4786],[28.1939,59.3758],[28.1704,59.3098],[27.9125,59.2718],[27.7881,59.0586],[27.4261,58.8136],[27.5425,58.4139],[27.4742,58.2139],[27.8231,57.8739],[27.5458,57.8178],[27.3721,57.5356],[27.4494,57.5311],[27.5472,57.5364],[27.5264,57.4494],[27.5256,57.4417],[27.5272,57.4386],[27.5803,57.4158],[27.8531,57.3111],[27.8656,57.2919],[27.8639,57.2625],[27.8514,57.1878],[27.8464,57.17],[27.7017,56.9147],[27.7936,56.8778],[27.8378,56.8755],[27.8606,56.8689],[27.9406,56.8211],[27.9406,56.8169],[27.9311,56.7975],[27.9247,56.7914],[27.9436,56.7228],[28.1478,56.4714],[28.1992,56.185],[28.185,56.1633],[28.1889,56.1328],[28.3073,56.0527],[28.3497,56.0547],[28.3585,56.0615],[28.3678,56.0786],[28.3875,56.0961],[28.6539,56.0889],[28.6972,56.0383],[28.7072,55.9978],[28.7313,55.9624],[28.8469,55.9425],[28.8458,55.9519],[28.8608,55.9761],[28.8694,55.9805],[29.0594,56.0328],[29.4014,55.9614],[29.4569,55.9242],[29.4644,55.9111],[29.4619,55.9083],[29.4069,55.8958],[29.4044,55.8925],[29.3583,55.7933],[29.3928,55.7514],[29.4792,55.6947],[29.5408,55.7022],[29.6564,55.7653],[29.9464,55.8544],[30.2458,55.8544],[30.4897,55.8],[30.6125,55.7203],[30.7689,55.5936],[30.7947,55.5955],[30.9103,55.6131],[30.9189,55.6083],[30.9303,55.5778],[30.9394,55.3994],[30.9158,55.3794],[30.8919,55.3764],[30.8578,55.3536],[30.8175,55.3133],[30.8133,55.3011],[30.8197,55.2839],[30.9225,55.1989],[30.9781,55.1522],[31.0297,55.0433],[31.0244,55.0308],[30.9442,54.9661],[30.9,54.9522],[30.8389,54.9225],[30.7831,54.8142],[30.78,54.7969],[30.8319,54.7828],[30.8764,54.7692],[31.005,54.7117],[31.1317,54.5705],[31.0867,54.5178],[31.0828,54.5097],[31.0867,54.4955],[31.0928,54.4911],[31.2217,54.4605],[31.2319,54.4567],[31.3117,54.3508],[31.3125,54.3433],[31.31,54.3042],[31.5242,54.1508],[31.6756,54.1067],[31.7353,54.1072],[31.7617,54.1033],[31.8653,54.0061],[31.8069,53.855],[31.7844,53.8458],[31.7642,53.8026],[31.9356,53.7892],[31.9931,53.8025],[32.1197,53.82],[32.4517,53.7264],[32.4803,53.7144],[32.5067,53.6939],[32.5103,53.6875],[32.5092,53.6792],[32.4225,53.6064],[32.453,53.5639],[32.4786,53.5508],[32.6378,53.5019],[32.7411,53.4631],[32.7365,53.4384],[32.6119,53.313],[32.4522,53.2211],[32.1475,53.0905],[32.1367,53.0886],[31.9183,53.0983],[31.8011,53.1258],[31.7958,53.1472],[31.7756,53.1942],[31.6303,53.2172],[31.6161,53.2183],[31.4225,53.2089],[31.4047,53.1958],[31.3748,53.1219],[31.3883,53.1033],[31.3147,53.0514],[31.2664,53.0219],[31.5369,52.8561],[31.5808,52.803],[31.5697,52.7086],[31.5492,52.6983],[31.5,52.69],[31.6089,52.4914],[31.6292,52.3744],[31.6281,52.3619],[31.5972,52.3267],[31.5867,52.3189],[31.7867,52.16],[31.7839,52.108],[32.1122,52.0433],[32.225,52.0794],[32.3942,52.3353],[32.9236,52.2472],[33.2047,52.3797],[33.5128,52.3269],[33.8306,52.3647],[34.0692,52.1908],[34.1292,51.9861],[34.4247,51.7994],[34.4189,51.7239],[34.098,51.6539],[34.3822,51.2636],[34.735,51.1725],[35.0738,51.2215],[35.1708,51.0548],[35.3719,51.0414],[35.3058,50.9603],[35.4861,50.6786],[35.3927,50.6339],[35.6067,50.3694],[36.1392,50.4253],[36.2975,50.2844],[36.42,50.3139],[36.6403,50.2125],[36.8844,50.3358],[37.4586,50.4397],[37.7331,50.0878],[37.9253,50.0247],[38.0242,49.9031],[38.1842,50.0655],[38.3078,50.0739],[38.3761,49.9875],[38.6522,49.9589],[38.9453,49.8075],[39.1928,49.8778],[39.2736,49.7519],[39.5808,49.7308],[39.6397,49.6155],[39.7969,49.5531],[40.1398,49.6011],[40.053,49.4783],[40.1669,49.2486],[39.9389,49.055],[39.6967,49.0108],[39.7778,48.9],[40.0767,48.875],[40.0175,48.8067],[39.8039,48.8178],[39.6569,48.6167],[39.8508,48.5575],[39.9989,48.2972],[39.7761,48.0264],[39.7964,47.8572],[39.7239,47.8183],[38.8536,47.8608],[38.7547,47.6856],[38.3033,47.5586],[38.2358,47.1094],[38.45,47.1344],[38.53,47.2122],[38.6047,47.2403],[38.7686,47.2533],[38.5578,47.215],[38.4825,47.1275],[38.8105,47.1622],[39.0675,47.2778],[39.2766,47.2364],[39.2736,47.0094],[39.0789,47.0289],[38.7775,46.8819],[38.4108,46.828],[38.3772,46.7094],[38.4925,46.7375],[38.5817,46.6508],[38.3878,46.6528],[38.268,46.7261],[38.0161,46.6189],[37.7328,46.6653],[37.9042,46.4022],[37.9969,46.3439],[37.9803,46.3958],[38.0914,46.388],[38.2961,46.2167],[38.5653,46.1047],[38.563,46.0344],[38.4455,46.0275],[38.2255,46.1361],[38.0955,45.945],[38.0941,46.0536],[37.9403,46.0258],[37.8403,45.7675],[37.663,45.6692],[37.7039,45.6189],[37.6236,45.6667],[37.5914,45.6275],[37.5839,45.4255],[37.6415,45.5908],[37.7339,45.2969],[37.5186,45.363],[37.2042,45.3242],[37.3186,45.2717],[37.0772,45.2364],[37.0941,45.3405],[36.8308,45.4366],[36.6655,45.328],[36.7797,45.3847],[36.9605,45.275],[36.58,45.1755],[37.2003,44.9817],[37.4836,44.6714],[37.7964,44.6317],[37.788,44.725],[38.1808,44.3972],[38.7603,44.2703],[40.003,43.3793],[40.0211,43.4442],[40.1069,43.5664],[40.1267,43.5722],[40.2208,43.5847],[40.3244,43.5697],[40.355,43.5578],[40.368,43.5533],[40.6033,43.5253],[40.8108,43.4869],[40.8639,43.4772],[40.898,43.4608],[41.0067,43.3955],[41.06,43.3728],[41.1344,43.3853],[41.193,43.3847],[41.2136,43.3789],[41.565,43.2322],[41.6053,43.2203],[42.1112,43.1973],[42.1744,43.2339],[42.3883,43.2394],[42.4892,43.2161],[42.5289,43.1842],[42.613,43.1478],[42.6425,43.1439],[42.6608,43.1505],[42.68,43.1711],[42.7011,43.1825],[42.85,43.1792],[42.8636,43.1753],[43.0108,43.0567],[43.2136,42.9317],[43.3778,42.9005],[43.5325,42.8683],[43.5919,42.8492],[43.6194,42.835],[43.6369,42.8136],[43.6411,42.81],[43.6708,42.7911],[43.7564,42.7758],[43.8378,42.7339],[43.8361,42.7278],[43.7628,42.6731],[43.7447,42.6592],[43.7783,42.603],[44.1897,42.6252],[44.1975,42.6272],[44.2208,42.6369],[44.2444,42.6605],[44.4997,42.7508],[44.5664,42.76],[44.6383,42.7488],[44.6403,42.7494],[44.6844,42.7394],[44.7472,42.6969],[44.7655,42.6705],[44.855,42.7433],[44.8592,42.7472],[44.8867,42.7603],[44.9008,42.7631],[44.9347,42.7603],[44.9472,42.7553],[44.9764,42.735],[45.0458,42.6961],[45.0686,42.6925],[45.1589,42.7058],[45.2169,42.6728],[45.3158,42.5819],[45.3347,42.5564],[45.3358,42.5508],[45.4811,42.5464],[45.5269,42.5508],[45.5761,42.5461],[45.7569,42.4822],[45.7547,42.4572],[45.6553,42.2592],[45.6386,42.2289],[45.6372,42.2169],[45.9869,42.0286],[46.24,42.0014],[46.3942,41.9405],[46.4061,41.9355],[46.4464,41.9044],[46.4518,41.8971],[46.6397,41.8161],[46.7608,41.8639],[46.7789,41.7892],[47.1605,41.5611],[47.2856,41.3122],[47.7669,41.1961],[47.92,41.2264],[48.0744,41.4678],[48.3997,41.5891],[48.584,41.8358]]],[[[20.9428,55.2872],[20.4178,54.9458],[19.9506,54.9408],[19.8727,54.6405],[19.9611,54.6344],[20.0042,54.72],[20.0914,54.6505],[20.405,54.6792],[19.9972,54.5733],[19.797,54.4376],[20.1586,54.4119],[20.3291,54.3938],[20.3717,54.3878],[21.1264,54.3417],[21.4119,54.3258],[21.5704,54.3282],[21.6256,54.3297],[21.7328,54.3308],[21.9819,54.3328],[22.2656,54.338],[22.3053,54.3411],[22.4339,54.3455],[22.63,54.3489],[22.7859,54.3638],[22.7022,54.4558],[22.6939,54.5228],[22.8425,54.8969],[22.6439,54.9636],[22.6022,55.0467],[22.0619,55.0275],[21.4314,55.2519],[21.3633,55.2869],[21.2639,55.249],[21.2225,54.9319],[20.9844,54.8925],[20.5553,54.9405],[20.9848,55.2766],[20.9428,55.2872]]]]},"properties":{"name":"Russia","iso2":"RU","iso3":"RUS"}}
]}